post_id,title,keyword,keyword_text,snippet
181,11월23일 브리핑,score,점수,"분석 등급: 고신뢰도 (High Confidence) / 추천 빈도 4회(67%) * 현재 상태: 아직 시세 분출 전. * 관전 포인트: 프로그램이 가장 높은 점수를 부여했다는 것은 기술적 지표나 매집 패턴이 매우 양호하다는 뜻입니다. 현재 숨 고르기 중일 가능성이 높으므로, 오늘 내일 중으로 시세가 어떻게 변하는지 지켜볼 필요가 있습니다. ⭐ 트리하우스 (TREE) - 2순위 추천 * 분석 등급: 중신뢰도 / 추천 빈도 3"
181,11월23일 브리핑,accumulation,매집,"nfidence) / 추천 빈도 4회(67%) * 현재 상태: 아직 시세 분출 전. * 관전 포인트: 프로그램이 가장 높은 점수를 부여했다는 것은 기술적 지표나 매집 패턴이 매우 양호하다는 뜻입니다. 현재 숨 고르기 중일 가능성이 높으므로, 오늘 내일 중으로 시세가 어떻게 변하는지 지켜볼 필요가 있습니다. ⭐ 트리하우스 (TREE) - 2순위 추천 * 분석 등급: 중신뢰도 / 추천 빈도 3회 * 현재 상태: 거래량 75억 수준"
181,11월23일 브리핑,trading_value,거래대금,"고리즘이 보수적으로 계산했기 때문입니다. 안정적인 수익을 추구하는 제 프로그램의 방향성이 잘 드러난 부분입니다. * 수급 포착: 단순히 가격만 보는 것이 아니라 거래대금(Money Flow)을 함께 분석하니 실시간 급등주 포착률이 높아지고 있습니다. **'데이터는 거짓말을 하지 않는다'**는 것을 다시 한번 느낍니다. 1순위로 뽑힌 엑시인피니티가 과연 어떤 움직임을 보여줄지, 다음 리포트에서 결과를 공유하겠습니다. #가상화폐"
181,11월23일 브리핑,risk,리스크,"이 실리기 시작하면 빠르게 반응할 수 있는 위치로 보입니다. 💡 3. 알고리즘 개발자 코멘트 (Review) 오늘의 데이터는 꽤 흥미로운 인사이트를 줍니다. * 리스크 관리 로직의 작동: 14% 넘게 급등한 **'제로지'**를 추천하긴 했지만, **'저신뢰도'**로 분류했습니다. 이는 급등에 따른 하락 위험(Risk)을 알고리즘이 보수적으로 계산했기 때문입니다. 안정적인 수익을 추구하는 제 프로그램의 방향성이 잘 드러난 부분입"
182,파밍 코인분석기 후기 [데이터 분석] 급등 신호 포착!,accumulation,매집,"가 보여주는 '상승 전조'와 '오늘의 주도 섹터'를 확인하세요. 1. [복기] 11월 21일(금): ""상승의 시그널은 미리 온다"" 데이터의 흐름을 보면 세력의 매집과 급등 타이밍이 보입니다. 21일 하루 동안 발생한 극적인 순위 변화가 그 증거입니다. * 점심(12:55) → 저녁(19:11) 흐름 변화 * 히포프로토콜(HP)의 급부상: 점심시간 2번 추천(3위)에 머물렀던 히포프로토콜이, 저녁이 되자 **4번 추천(1위)*"
217,11월 11일 추천 코인 리스트 수익율 체크 (과거초기 분석 프로그램),risk,리스크,11T06:47 기준 3일간 분석 코인: 12개 평균 수익률: +28.28% 최고 수익률: +112.75% 상승 정확도: 100.0% [상위 코인 분석] 1위. 리스크 (Lisk) - +112.75% 시작가 287.193원 → 최고가 611원 2위. 커널다오 (KernelDAO) - +38.22% 시작가 153.374원 → 최고가 212원 3위. 앵커 (Ankr) - +32.33% 시작가 14.282원 → 최고가 18.9원 ※
262,코인분석기 3종,score,점수,"SHORT), 노란색은 관망 신호(HOLD)를 의미합니다. 각 사각형에 마우스를 올리면 해당 코인의 심볼이 표시됩니다. 1분마다 자동으로 갱신되며, 우측의 평균 점수와 롱/홀드/숏 개수 통계를 확인할 수 있습니다. 수익률 추적바 신호등 바 아래에 위치한 가로 스크롤 영역입니다. TRACK 기능을 사용하면 여기에 추적 중인 코인 카드가 표시됩니다. 각 카드에는 코인명, 진입가, 현재 수익률, 추적 시작 시간이 나타납니다. 수익이"
262,코인분석기 3종,score,점수,"0개 코인이 카드 형태로 배열되어 있습니다. 각 카드에는 다음 정보가 표시됩니다. 순위 배지 (거래대금 기준), 코인명과 심볼, 현재가, 24시간 변동률, 종합 점수, 매매 신호(LONG/SHORT/HOLD), 10개 보조지표의 미니 신호등, 점수 바가 한눈에 보입니다. 10개 보조지표 상세 설명 RSI (Relative Strength Index) 14봉 기준 상대강도지수입니다. 30 이하면 과매도로 매수 신호, 70 이상이"
262,코인분석기 3종,score,점수,"순위 배지 (거래대금 기준), 코인명과 심볼, 현재가, 24시간 변동률, 종합 점수, 매매 신호(LONG/SHORT/HOLD), 10개 보조지표의 미니 신호등, 점수 바가 한눈에 보입니다. 10개 보조지표 상세 설명 RSI (Relative Strength Index) 14봉 기준 상대강도지수입니다. 30 이하면 과매도로 매수 신호, 70 이상이면 과매수로 매도 신호입니다. 기본 가중치는 15%로 가장 높습니다. Stochas"
262,코인분석기 3종,score,점수,"기본 분석 확인하기 프로그램을 데이터를 가져와 분석을 시작합니다. 로딩 화면에서 마켓 로딩, 분석 진행 상황이 표시됩니다. 분석이 완료되면 30개 코인 카드가 점수 순서대로 정렬됩니다. 상단 신호등 바에서 전체 시장 분위기를 한눈에 파악할 수 있습니다. 녹색이 많으면 전반적 상승장, 빨간색이 많으면 하락장, 노란색이 많으면 횡보장입니다. 코인 상세 분석 보기 관심 있는 코인 카드를 터치하면 상세 분석 모달이 열립니다. 모달"
262,코인분석기 3종,score,점수,있는 코인 카드를 터치하면 상세 분석 모달이 열립니다. 모달 최상단에 코인명과 심볼이 표시됩니다. 그 아래 큰 글씨로 신호(LONG/SHORT/HOLD)와 종합 점수가 나타납니다. 점수 70점 이상이면서 LONG이면 강력 매수 신호입니다. 점수 55-70점이면서 LONG이면 매수 관심 구간입니다. 점수 30점 이하이면서 SHORT이면 강력 매도 신호입니다. 점수 31-45점이면서 SHORT이면 매도 관심 구간입니다. 그 외는
262,코인분석기 3종,score,점수,치하면 상세 분석 모달이 열립니다. 모달 최상단에 코인명과 심볼이 표시됩니다. 그 아래 큰 글씨로 신호(LONG/SHORT/HOLD)와 종합 점수가 나타납니다. 점수 70점 이상이면서 LONG이면 강력 매수 신호입니다. 점수 55-70점이면서 LONG이면 매수 관심 구간입니다. 점수 30점 이하이면서 SHORT이면 강력 매도 신호입니다. 점수 31-45점이면서 SHORT이면 매도 관심 구간입니다. 그 외는 관망(HOLD)입니다
262,코인분석기 3종,score,점수,심볼이 표시됩니다. 그 아래 큰 글씨로 신호(LONG/SHORT/HOLD)와 종합 점수가 나타납니다. 점수 70점 이상이면서 LONG이면 강력 매수 신호입니다. 점수 55-70점이면서 LONG이면 매수 관심 구간입니다. 점수 30점 이하이면서 SHORT이면 강력 매도 신호입니다. 점수 31-45점이면서 SHORT이면 매도 관심 구간입니다. 그 외는 관망(HOLD)입니다. 현재가와 24시간 변동률이 실시간으로 갱신됩니다. 10개
262,코인분석기 3종,score,점수,RT/HOLD)와 종합 점수가 나타납니다. 점수 70점 이상이면서 LONG이면 강력 매수 신호입니다. 점수 55-70점이면서 LONG이면 매수 관심 구간입니다. 점수 30점 이하이면서 SHORT이면 강력 매도 신호입니다. 점수 31-45점이면서 SHORT이면 매도 관심 구간입니다. 그 외는 관망(HOLD)입니다. 현재가와 24시간 변동률이 실시간으로 갱신됩니다. 10개 보조지표의 상세 수치와 개별 신호를 확인할 수 있습니다.
262,코인분석기 3종,score,점수,면서 LONG이면 강력 매수 신호입니다. 점수 55-70점이면서 LONG이면 매수 관심 구간입니다. 점수 30점 이하이면서 SHORT이면 강력 매도 신호입니다. 점수 31-45점이면서 SHORT이면 매도 관심 구간입니다. 그 외는 관망(HOLD)입니다. 현재가와 24시간 변동률이 실시간으로 갱신됩니다. 10개 보조지표의 상세 수치와 개별 신호를 확인할 수 있습니다. 각 지표 아래에 BUY/SELL/NEUTRAL 상태가 표시됩니
262,코인분석기 3종,score,점수,"를 체크하면 멀티타임프레임 분석이 활성화됩니다. 활성화되면 각 코인 카드에 MTF 배지가 추가로 표시됩니다. 상세 모달에서 1분, 3분, 5분, 15분봉 각각의 점수와 신호를 확인할 수 있습니다. MTF 컨센서스 항목에서 여러 시간대의 합의 신호를 확인합니다. STRONG LONG은 3개 이상 시간대에서 LONG 신호가 일치하는 경우입니다. STRONG SHORT는 3개 이상 시간대에서 SHORT 신호가 일치하는 경우입니다."
262,코인분석기 3종,score,점수,"치하여 TRACK 종료를 선택하거나, 추적바의 X 버튼을 터치합니다. 추적 데이터는 브라우저에 저장되어 새로고침해도 유지됩니다. 실전 매매 전략 기본 전략 종합 점수 70점 이상 + LONG 신호 + MTF 컨센서스 STRONG LONG 코인을 선별합니다. 현재가가 볼린저밴드 하단(BB%B 0.2 이하) 근처인지 확인합니다. RSI 30 이하, Stochastic 20 이하가 동시에 나타나면 과매도 반등 가능성이 높습니다. 진"
262,코인분석기 3종,score,점수,". RSI, Stochastic RSI, Williams %R, CCI, MFI, 볼린저밴드, ADX 등 7가지 핵심 지표를 분석하여 0-100점 사이의 바닥권 점수를 산출합니다. 점수가 높을수록 현재 가격이 바닥권에 가깝다는 의미이며, 반등 가능성이 높은 종목을 선별하는 데 활용합니다. 단타용 미니맵이 실시간 매매 타이밍에 초점을 맞춘다면, 바닥권 분석기는 저점 매수 기회 발굴에 특화되어 있습니다. 화면 구성 설명 분석 설정"
262,코인분석기 3종,score,점수,"hastic RSI, Williams %R, CCI, MFI, 볼린저밴드, ADX 등 7가지 핵심 지표를 분석하여 0-100점 사이의 바닥권 점수를 산출합니다. 점수가 높을수록 현재 가격이 바닥권에 가깝다는 의미이며, 반등 가능성이 높은 종목을 선별하는 데 활용합니다. 단타용 미니맵이 실시간 매매 타이밍에 초점을 맞춘다면, 바닥권 분석기는 저점 매수 기회 발굴에 특화되어 있습니다. 화면 구성 설명 분석 설정 패널 저작권 배너"
262,코인분석기 3종,score,점수,"트롤 패널 분석 시작 버튼, 자동갱신 토글 버튼이 있습니다. 자동갱신을 켜면 5분마다 자동으로 재분석됩니다. 표시 개수(10/30/50/전체), 정렬 기준(바닥권점수/변동률/RSI), 신호 필터(전체/극과매도/강한매수/매수/중립/매도)를 선택할 수 있습니다. 상태바 분석 상태 표시등이 있어 대기/분석중/완료/오류 상태를 색상으로 구분합니다. 마지막 업데이트 시간이 표시됩니다. 통계 패널 분석 결과 요약 통계가 표시됩니다. 극과"
262,코인분석기 3종,score,점수,"분합니다. 마지막 업데이트 시간이 표시됩니다. 통계 패널 분석 결과 요약 통계가 표시됩니다. 극과매도 코인 수, 강한매수 코인 수, 매수 코인 수, 평균 바닥권 점수, 최고 바닥권 점수가 나타납니다. 결과 그리드 분석된 코인들이 카드 형태로 표시됩니다. 각 카드에는 심볼, 현재가, 24시간 변동률, 바닥권 점수 게이지, 신호 배지가 포함됩니다. 바닥권 점수가 높을수록 게이지가 빨간색으로 채워집니다. 바닥권 점수 산출 로직 상세"
262,코인분석기 3종,score,점수,"데이트 시간이 표시됩니다. 통계 패널 분석 결과 요약 통계가 표시됩니다. 극과매도 코인 수, 강한매수 코인 수, 매수 코인 수, 평균 바닥권 점수, 최고 바닥권 점수가 나타납니다. 결과 그리드 분석된 코인들이 카드 형태로 표시됩니다. 각 카드에는 심볼, 현재가, 24시간 변동률, 바닥권 점수 게이지, 신호 배지가 포함됩니다. 바닥권 점수가 높을수록 게이지가 빨간색으로 채워집니다. 바닥권 점수 산출 로직 상세 총점 100점 만점"
262,코인분석기 3종,score,점수,"평균 바닥권 점수, 최고 바닥권 점수가 나타납니다. 결과 그리드 분석된 코인들이 카드 형태로 표시됩니다. 각 카드에는 심볼, 현재가, 24시간 변동률, 바닥권 점수 게이지, 신호 배지가 포함됩니다. 바닥권 점수가 높을수록 게이지가 빨간색으로 채워집니다. 바닥권 점수 산출 로직 상세 총점 100점 만점으로 다음 조건을 충족할 때마다 점수가 가산됩니다. RSI (25점) RSI가 20 미만이면 25점 전체가 부여됩니다. RSI가"
262,코인분석기 3종,score,점수,"니다. 결과 그리드 분석된 코인들이 카드 형태로 표시됩니다. 각 카드에는 심볼, 현재가, 24시간 변동률, 바닥권 점수 게이지, 신호 배지가 포함됩니다. 바닥권 점수가 높을수록 게이지가 빨간색으로 채워집니다. 바닥권 점수 산출 로직 상세 총점 100점 만점으로 다음 조건을 충족할 때마다 점수가 가산됩니다. RSI (25점) RSI가 20 미만이면 25점 전체가 부여됩니다. RSI가 20-30이면 20점이 부여됩니다. RSI가"
262,코인분석기 3종,score,점수,"다. 각 카드에는 심볼, 현재가, 24시간 변동률, 바닥권 점수 게이지, 신호 배지가 포함됩니다. 바닥권 점수가 높을수록 게이지가 빨간색으로 채워집니다. 바닥권 점수 산출 로직 상세 총점 100점 만점으로 다음 조건을 충족할 때마다 점수가 가산됩니다. RSI (25점) RSI가 20 미만이면 25점 전체가 부여됩니다. RSI가 20-30이면 20점이 부여됩니다. RSI가 30-40이면 10점이 부여됩니다. Stochastic"
262,코인분석기 3종,score,점수,신호 배지가 포함됩니다. 바닥권 점수가 높을수록 게이지가 빨간색으로 채워집니다. 바닥권 점수 산출 로직 상세 총점 100점 만점으로 다음 조건을 충족할 때마다 점수가 가산됩니다. RSI (25점) RSI가 20 미만이면 25점 전체가 부여됩니다. RSI가 20-30이면 20점이 부여됩니다. RSI가 30-40이면 10점이 부여됩니다. Stochastic RSI (20점) Stochastic RSI K값이 10 미만이면 20점
262,코인분석기 3종,score,점수,"X (5점) ADX가 20 미만이면 5점이 부여됩니다. 추세가 약할 때 바닥권 반등 가능성이 높기 때문입니다. 신호 분류 기준 극과매도 (EXTREME) 바닥권 점수 80점 이상이거나, RSI 20 미만이면서 MFI도 20 미만일 때 부여됩니다. 여러 지표가 동시에 극단적 과매도를 나타내는 상태입니다. 반등 확률이 매우 높지만 추가 하락 가능성도 있습니다. 분할 매수 전략을 권장합니다. 강한매수 (STRONG) 바닥권 점수 6"
262,코인분석기 3종,score,점수,시에 극단적 과매도를 나타내는 상태입니다. 반등 확률이 매우 높지만 추가 하락 가능성도 있습니다. 분할 매수 전략을 권장합니다. 강한매수 (STRONG) 바닥권 점수 60-79점일 때 부여됩니다. 과매도 신호가 다수 발생한 상태입니다. 적극적인 매수를 고려할 수 있습니다. 매수 (BUY) 바닥권 점수 40-59점일 때 부여됩니다. 일부 지표에서 과매도 신호가 발생한 상태입니다. 관심 종목으로 등록하고 모니터링합니다. 중립 (N
262,코인분석기 3종,score,점수,(STRONG) 바닥권 점수 60-79점일 때 부여됩니다. 과매도 신호가 다수 발생한 상태입니다. 적극적인 매수를 고려할 수 있습니다. 매수 (BUY) 바닥권 점수 40-59점일 때 부여됩니다. 일부 지표에서 과매도 신호가 발생한 상태입니다. 관심 종목으로 등록하고 모니터링합니다. 중립 (NEUTRAL) 바닥권 점수 20-39점일 때 부여됩니다. 바닥권이라고 판단하기 어려운 상태입니다. 추가 하락을 기다리거나 다른 종목을 탐
262,코인분석기 3종,score,점수,바닥권 점수 40-59점일 때 부여됩니다. 일부 지표에서 과매도 신호가 발생한 상태입니다. 관심 종목으로 등록하고 모니터링합니다. 중립 (NEUTRAL) 바닥권 점수 20-39점일 때 부여됩니다. 바닥권이라고 판단하기 어려운 상태입니다. 추가 하락을 기다리거나 다른 종목을 탐색합니다. 매도 (SELL) 바닥권 점수 20점 미만일 때 부여됩니다. 과매도 구간이 아니라 오히려 상승 후 조정 가능성이 있습니다. 사용 방법 상세 가이
262,코인분석기 3종,score,점수,) 바닥권 점수 20-39점일 때 부여됩니다. 바닥권이라고 판단하기 어려운 상태입니다. 추가 하락을 기다리거나 다른 종목을 탐색합니다. 매도 (SELL) 바닥권 점수 20점 미만일 때 부여됩니다. 과매도 구간이 아니라 오히려 상승 후 조정 가능성이 있습니다. 사용 방법 상세 가이드 분석 실행하기 원하는 시간대를 선택합니다. 바닥권 분석에는 30분봉 이상을 권장합니다. 분석 코인 개수를 선택합니다. 처음에는 상위 50개로 빠르게
262,코인분석기 3종,score,점수,". 빗썸 마켓 정보 로딩, 캔들 데이터 수집, 지표 계산이 순차적으로 진행됩니다. 분석 코인 수에 따라 1-5분 정도 소요됩니다. 분석이 완료되면 결과가 바닥권 점수 순으로 정렬되어 표시됩니다. 결과 해석하기 상단 통계 패널에서 전체 시장 상황을 파악합니다. 극과매도 코인이 많으면 시장 전체가 공포 상태이며, 역발상 매수 기회일 수 있습니다. 평균 바닥권 점수가 50점 이상이면 전반적으로 과매도 장세입니다. 결과 그리드에서 상"
262,코인분석기 3종,score,점수,"과 해석하기 상단 통계 패널에서 전체 시장 상황을 파악합니다. 극과매도 코인이 많으면 시장 전체가 공포 상태이며, 역발상 매수 기회일 수 있습니다. 평균 바닥권 점수가 50점 이상이면 전반적으로 과매도 장세입니다. 결과 그리드에서 상위 종목들을 확인합니다. 바닥권 점수가 높은 순서대로 정렬되어 있습니다. 신호 배지 색상으로 빠르게 구분할 수 있습니다. 빨간색 EXTREME은 최우선 관심 종목입니다. 주황색 STRONG은 관심"
262,코인분석기 3종,score,점수,"상태이며, 역발상 매수 기회일 수 있습니다. 평균 바닥권 점수가 50점 이상이면 전반적으로 과매도 장세입니다. 결과 그리드에서 상위 종목들을 확인합니다. 바닥권 점수가 높은 순서대로 정렬되어 있습니다. 신호 배지 색상으로 빠르게 구분할 수 있습니다. 빨간색 EXTREME은 최우선 관심 종목입니다. 주황색 STRONG은 관심 종목입니다. 녹색 BUY는 참고 종목입니다. 상세 분석 확인하기 관심 있는 코인 카드를 터치하면 상세 모"
262,코인분석기 3종,score,점수,"입니다. 녹색 BUY는 참고 종목입니다. 상세 분석 확인하기 관심 있는 코인 카드를 터치하면 상세 모달이 열립니다. 기본 정보 섹션에서 현재가, 변동률, 바닥권 점수, 신호를 확인합니다. 보조지표 섹션에서 RSI, Stochastic RSI K, Williams %R, CCI, MFI, ADX의 정확한 수치를 확인합니다. 각 지표 수치 옆에 색상으로 상태가 표시됩니다. 녹색은 과매도(매수 유리), 빨간색은 과매수(매도 유리),"
262,코인분석기 3종,score,점수,"N (5분)으로 변경됩니다. 새로운 바닥권 진입 종목을 실시간으로 포착할 수 있습니다. 다시 터치하면 자동 갱신이 중지됩니다. 실전 매매 전략 기본 전략 바닥권 점수 70점 이상 종목을 선별합니다. RSI 30 이하, Stochastic RSI 20 이하, Williams %R -80 이하가 동시에 충족되는지 확인합니다. 볼린저밴드 하단 이탈 또는 근접 여부를 확인합니다. 24시간 변동률이 -10% 이상 급락한 종목은 기술적"
262,코인분석기 3종,score,점수,"기에서 상세 분석합니다. 분할 매수로 진입합니다. 1차 매수는 현재가, 2차 매수는 -5% 하락 시, 3차 매수는 -10% 하락 시로 계획합니다. 익절은 바닥권 점수가 30점 이하로 떨어지거나 RSI가 50 이상으로 회복될 때 합니다. 손절은 바닥권 점수가 계속 상승함에도 가격이 추가 -15% 이상 하락할 때 합니다. 주의사항 바닥권이라고 해서 반드시 반등하는 것은 아닙니다. 하락 추세가 강한 종목은 바닥권 상태가 오래 지속될"
262,코인분석기 3종,score,점수,"하락 시, 3차 매수는 -10% 하락 시로 계획합니다. 익절은 바닥권 점수가 30점 이하로 떨어지거나 RSI가 50 이상으로 회복될 때 합니다. 손절은 바닥권 점수가 계속 상승함에도 가격이 추가 -15% 이상 하락할 때 합니다. 주의사항 바닥권이라고 해서 반드시 반등하는 것은 아닙니다. 하락 추세가 강한 종목은 바닥권 상태가 오래 지속될 수 있습니다. 비트코인 하락장에서는 알트코인 바닥권 매수가 위험할 수 있습니다. 전체 시"
262,코인분석기 3종,score,점수,"택이 가능합니다. 코인을 선택하면 자동으로 분석이 시작됩니다. 종합 신호 해석하기 종합 시그널 패널에서 전체적인 방향성을 파악합니다. Strong Buy는 종합 점수 80점 이상으로, 대부분의 지표가 상승을 예측합니다. 적극적인 매수를 고려합니다. Buy는 종합 점수 60-79점으로, 다수의 지표가 상승을 예측합니다. 매수를 고려하되 리스크 관리에 주의합니다. Neutral은 종합 점수 40-59점으로, 상승과 하락 신호가 혼"
262,코인분석기 3종,score,점수,"전체적인 방향성을 파악합니다. Strong Buy는 종합 점수 80점 이상으로, 대부분의 지표가 상승을 예측합니다. 적극적인 매수를 고려합니다. Buy는 종합 점수 60-79점으로, 다수의 지표가 상승을 예측합니다. 매수를 고려하되 리스크 관리에 주의합니다. Neutral은 종합 점수 40-59점으로, 상승과 하락 신호가 혼재합니다. 관망하거나 소량 매매만 합니다. Sell은 종합 점수 20-39점으로, 다수의 지표가 하락을"
262,코인분석기 3종,score,점수,"적인 매수를 고려합니다. Buy는 종합 점수 60-79점으로, 다수의 지표가 상승을 예측합니다. 매수를 고려하되 리스크 관리에 주의합니다. Neutral은 종합 점수 40-59점으로, 상승과 하락 신호가 혼재합니다. 관망하거나 소량 매매만 합니다. Sell은 종합 점수 20-39점으로, 다수의 지표가 하락을 예측합니다. 매도를 고려하거나 매수를 자제합니다. Strong Sell은 종합 점수 20점 미만으로, 대부분의 지표가 하"
262,코인분석기 3종,score,점수,"고려하되 리스크 관리에 주의합니다. Neutral은 종합 점수 40-59점으로, 상승과 하락 신호가 혼재합니다. 관망하거나 소량 매매만 합니다. Sell은 종합 점수 20-39점으로, 다수의 지표가 하락을 예측합니다. 매도를 고려하거나 매수를 자제합니다. Strong Sell은 종합 점수 20점 미만으로, 대부분의 지표가 하락을 예측합니다. 적극적인 매도를 고려합니다. 캔들 패턴 분석하기 메인 차트에서 캔들 패턴을 확인합니다."
262,코인분석기 3종,score,점수,"소량 매매만 합니다. Sell은 종합 점수 20-39점으로, 다수의 지표가 하락을 예측합니다. 매도를 고려하거나 매수를 자제합니다. Strong Sell은 종합 점수 20점 미만으로, 대부분의 지표가 하락을 예측합니다. 적극적인 매도를 고려합니다. 캔들 패턴 분석하기 메인 차트에서 캔들 패턴을 확인합니다. 장대 양봉(큰 빨간 캔들)은 강한 매수세를 나타냅니다. 장대 음봉(큰 파란 캔들)은 강한 매도세를 나타냅니다. 도지(십자형"
262,코인분석기 3종,score,점수,"뉴스가 예정된 시간대에는 매매를 자제합니다. 3종 프로그램 연계 활용법 1단계 바닥권 분석기 바닥권 분석기를 실행하여 과매도 상태의 종목을 발굴합니다. 바닥권 점수 70점 이상인 종목을 리스트업합니다. 극과매도 신호가 나온 종목을 우선 선별합니다. 2단계 차트 분석기 선별된 종목을 차트 분석기에서 상세 분석합니다. 종합 신호가 Buy 이상인지 확인합니다. Squeeze Momentum, Z-Score, RCI 등을 추가 검증"
262,코인분석기 3종,score,점수,"저항선 위치를 파악합니다. 매수가, 익절가, 손절가를 사전에 계획합니다. 3단계 단타용 미니맵 최종 선별된 종목을 단타용 미니맵에서 실시간 모니터링합니다. 종합 점수가 70점 이상 + LONG 신호 발생 시 진입합니다. MTF 분석으로 여러 시간대 신호 일치 여부를 확인합니다. TRACK 기능으로 수익률을 추적합니다. 신호가 HOLD 또는 SHORT로 전환되면 청산을 고려합니다. 연계 활용의 장점 바닥권 분석기로 저점 매수 기"
262,코인분석기 3종,accumulation,매집,"면 추세가 강해 방향성 매매가 유리합니다. 기본 가중치는 8%입니다. OBV (On Balance Volume) 거래량 누적 추세의 기울기입니다. 양의 기울기면 매집 진행 중, 음의 기울기면 분산 진행 중입니다. 기본 가중치는 8%입니다. ATR% (Average True Range Percentage) 현재가 대비 변동성 비율입니다. 변동성이 클수록 단타 수익 기회가 많지만 리스크도 큽니다. 기본 가중치는 7%입니다. 사용"
262,코인분석기 3종,trading_value,거래대금,"코인 방향성을 함께 확인하는 것이 중요합니다. 메인 코인 그리드 30개 코인이 카드 형태로 배열되어 있습니다. 각 카드에는 다음 정보가 표시됩니다. 순위 배지 (거래대금 기준), 코인명과 심볼, 현재가, 24시간 변동률, 종합 점수, 매매 신호(LONG/SHORT/HOLD), 10개 보조지표의 미니 신호등, 점수 바가 한눈에 보입니다. 10개 보조지표 상세 설명 RSI (Relative Strength Index) 14봉 기준"
262,코인분석기 3종,buy,매수,"실시간 기술적 분석을 제공하며, 각 프로그램은 서로 다른 목적에 최적화되어 있습니다. ""단타용 미니맵"" 은 빠른 매매 타이밍 포착에, ""바닥권 분석기"" 는 저점 매수 기회 발굴에, ""차트 분석기"" 는 개별 종목 심층 분석에 특화되어 있습니다. 1. 단타용 미니맵 v5.1 이 프로그램은 무엇인가요? 단타용 미니맵은 거래소의 상위 30개 암호화폐를 동시에 모니터링 실시간 매매 신호를 제공 하는 프로그램입니다. 10개의 기술적 지"
262,코인분석기 3종,buy,매수,"타용 미니맵은 거래소의 상위 30개 암호화폐를 동시에 모니터링 실시간 매매 신호를 제공 하는 프로그램입니다. 10개의 기술적 지표를 종합 분석하여 각 코인별로 매수/매도/관망 신호를 생성합니다. 멀티타임프레임 교차분석 기능을 통해 1분, 3분, 5분, 15분봉의 신호를 동시에 확인할 수 있어 신뢰도 높은 매매 판단이 가능합니다. 화면 구성 설명 신호등 바 (30개 코인) 저작권 경고 아래에 30개의 작은 사각형이 나열되어 있"
262,코인분석기 3종,buy,매수,"다. 화면 구성 설명 신호등 바 (30개 코인) 저작권 경고 아래에 30개의 작은 사각형이 나열되어 있습니다. 이것이 30개 코인의 실시간 신호등입니다. 녹색은 매수 신호(LONG), 빨간색은 매도 신호(SHORT), 노란색은 관망 신호(HOLD)를 의미합니다. 각 사각형에 마우스를 올리면 해당 코인의 심볼이 표시됩니다. 1분마다 자동으로 갱신되며, 우측의 평균 점수와 롱/홀드/숏 개수 통계를 확인할 수 있습니다. 수익률 추적"
262,코인분석기 3종,buy,매수,"수 바가 한눈에 보입니다. 10개 보조지표 상세 설명 RSI (Relative Strength Index) 14봉 기준 상대강도지수입니다. 30 이하면 과매도로 매수 신호, 70 이상이면 과매수로 매도 신호입니다. 기본 가중치는 15%로 가장 높습니다. Stochastic 14봉 기준 스토캐스틱 %K 값입니다. 20 이하면 과매도, 80 이상이면 과매수입니다. 기본 가중치는 12%입니다. CCI (Commodity Channe"
262,코인분석기 3종,buy,매수,"0개 보조지표 상세 설명 RSI (Relative Strength Index) 14봉 기준 상대강도지수입니다. 30 이하면 과매도로 매수 신호, 70 이상이면 과매수로 매도 신호입니다. 기본 가중치는 15%로 가장 높습니다. Stochastic 14봉 기준 스토캐스틱 %K 값입니다. 20 이하면 과매도, 80 이상이면 과매수입니다. 기본 가중치는 12%입니다. CCI (Commodity Channel Index) 20봉 기준"
262,코인분석기 3종,buy,매수,"매수로 매도 신호입니다. 기본 가중치는 15%로 가장 높습니다. Stochastic 14봉 기준 스토캐스틱 %K 값입니다. 20 이하면 과매도, 80 이상이면 과매수입니다. 기본 가중치는 12%입니다. CCI (Commodity Channel Index) 20봉 기준 상품채널지수입니다. -100 이하면 과매도, +100 이상이면 과매수입니다. 기본 가중치는 10%입니다. Williams %R 14봉 기준 윌리엄스 %R입니다."
262,코인분석기 3종,buy,매수,"기본 가중치는 12%입니다. CCI (Commodity Channel Index) 20봉 기준 상품채널지수입니다. -100 이하면 과매도, +100 이상이면 과매수입니다. 기본 가중치는 10%입니다. Williams %R 14봉 기준 윌리엄스 %R입니다. -80 이하면 과매도, -20 이상이면 과매수입니다. 기본 가중치는 10%입니다. MFI (Money Flow Index) 14봉 기준 자금흐름지수입니다. 거래량을 가중한"
262,코인분석기 3종,buy,매수,", +100 이상이면 과매수입니다. 기본 가중치는 10%입니다. Williams %R 14봉 기준 윌리엄스 %R입니다. -80 이하면 과매도, -20 이상이면 과매수입니다. 기본 가중치는 10%입니다. MFI (Money Flow Index) 14봉 기준 자금흐름지수입니다. 거래량을 가중한 RSI라고 생각하면 됩니다. 20 이하면 과매도, 80 이상이면 과매수입니다. 기본 가중치는 12%입니다. BB%B (Bollinger B"
262,코인분석기 3종,buy,매수,"다. MFI (Money Flow Index) 14봉 기준 자금흐름지수입니다. 거래량을 가중한 RSI라고 생각하면 됩니다. 20 이하면 과매도, 80 이상이면 과매수입니다. 기본 가중치는 12%입니다. BB%B (Bollinger Band %B) 볼린저밴드 내 현재가 위치입니다. 0.2 이하면 하단 근처로 매수 구간, 0.8 이상이면 상단 근처로 매도 구간입니다. 기본 가중치는 10%입니다. MACD Histogram MACD"
262,코인분석기 3종,buy,매수,"0 이상이면 과매수입니다. 기본 가중치는 12%입니다. BB%B (Bollinger Band %B) 볼린저밴드 내 현재가 위치입니다. 0.2 이하면 하단 근처로 매수 구간, 0.8 이상이면 상단 근처로 매도 구간입니다. 기본 가중치는 10%입니다. MACD Histogram MACD 히스토그램의 방향 전환을 감지합니다. 음수에서 양수로 전환 시 매수 신호, 양수에서 음수로 전환 시 매도 신호입니다. 기본 가중치는 8%입니다."
262,코인분석기 3종,buy,매수,"면 상단 근처로 매도 구간입니다. 기본 가중치는 10%입니다. MACD Histogram MACD 히스토그램의 방향 전환을 감지합니다. 음수에서 양수로 전환 시 매수 신호, 양수에서 음수로 전환 시 매도 신호입니다. 기본 가중치는 8%입니다. ADX (Average Directional Index) 추세 강도를 측정합니다. 25 이하면 추세가 약해 횡보 구간, 25 이상이면 추세가 강해 방향성 매매가 유리합니다. 기본 가중치는"
262,코인분석기 3종,buy,매수,최상단에 코인명과 심볼이 표시됩니다. 그 아래 큰 글씨로 신호(LONG/SHORT/HOLD)와 종합 점수가 나타납니다. 점수 70점 이상이면서 LONG이면 강력 매수 신호입니다. 점수 55-70점이면서 LONG이면 매수 관심 구간입니다. 점수 30점 이하이면서 SHORT이면 강력 매도 신호입니다. 점수 31-45점이면서 SHORT이면 매도 관심 구간입니다. 그 외는 관망(HOLD)입니다. 현재가와 24시간 변동률이 실시간으로
262,코인분석기 3종,buy,매수,로 신호(LONG/SHORT/HOLD)와 종합 점수가 나타납니다. 점수 70점 이상이면서 LONG이면 강력 매수 신호입니다. 점수 55-70점이면서 LONG이면 매수 관심 구간입니다. 점수 30점 이하이면서 SHORT이면 강력 매도 신호입니다. 점수 31-45점이면서 SHORT이면 매도 관심 구간입니다. 그 외는 관망(HOLD)입니다. 현재가와 24시간 변동률이 실시간으로 갱신됩니다. 10개 보조지표의 상세 수치와 개별 신호를
262,코인분석기 3종,buy,매수,"0개 보조지표의 상세 수치와 개별 신호를 확인할 수 있습니다. 각 지표 아래에 BUY/SELL/NEUTRAL 상태가 표시됩니다. 진입/청산 포인트 섹션에서 추천 매수가, 1차/2차/3차 익절가, 손절가를 확인할 수 있습니다. MTF(멀티타임프레임) 분석 활성화 상단 헤더의 MTF분석 체크박스를 체크하면 멀티타임프레임 분석이 활성화됩니다. 활성화되면 각 코인 카드에 MTF 배지가 추가로 표시됩니다. 상세 모달에서 1분, 3분,"
262,코인분석기 3종,buy,매수,"입가 대비 -3% ~ -5%로 설정합니다. 익절은 3단계로 나누어 +5%, +10%, +15%에서 분할 청산합니다. 주의사항 비트코인이 급락 중일 때는 알트코인 매수를 자제합니다. 30개 코인 중 80% 이상이 SHORT 신호일 때는 시장 전체가 하락 중이므로 관망합니다. 단타 프로그램이므로 1시간 이상 보유는 권장하지 않습니다. 신호가 자주 바뀌므로 실시간 모니터링이 필요합니다. 2. 바닥권 분석기 (Quantum Alpha"
262,코인분석기 3종,buy,매수,"이 바닥권에 가깝다는 의미이며, 반등 가능성이 높은 종목을 선별하는 데 활용합니다. 단타용 미니맵이 실시간 매매 타이밍에 초점을 맞춘다면, 바닥권 분석기는 저점 매수 기회 발굴에 특화되어 있습니다. 화면 구성 설명 분석 설정 패널 저작권 배너 아래에 분석 조건을 설정하는 패널이 있습니다. 분석 시간대 선택이 가능합니다. 1분봉은 초단타 용이고, 5분봉은 단타용, 15분봉은 일반 단타용, 30분봉은 스윙 단타용, 1시간봉은 중기"
262,코인분석기 3종,buy,매수,"습니다. 자동갱신을 켜면 5분마다 자동으로 재분석됩니다. 표시 개수(10/30/50/전체), 정렬 기준(바닥권점수/변동률/RSI), 신호 필터(전체/극과매도/강한매수/매수/중립/매도)를 선택할 수 있습니다. 상태바 분석 상태 표시등이 있어 대기/분석중/완료/오류 상태를 색상으로 구분합니다. 마지막 업데이트 시간이 표시됩니다. 통계 패널 분석 결과 요약 통계가 표시됩니다. 극과매도 코인 수, 강한매수 코인 수, 매수 코인 수,"
262,코인분석기 3종,buy,매수,". 자동갱신을 켜면 5분마다 자동으로 재분석됩니다. 표시 개수(10/30/50/전체), 정렬 기준(바닥권점수/변동률/RSI), 신호 필터(전체/극과매도/강한매수/매수/중립/매도)를 선택할 수 있습니다. 상태바 분석 상태 표시등이 있어 대기/분석중/완료/오류 상태를 색상으로 구분합니다. 마지막 업데이트 시간이 표시됩니다. 통계 패널 분석 결과 요약 통계가 표시됩니다. 극과매도 코인 수, 강한매수 코인 수, 매수 코인 수, 평균"
262,코인분석기 3종,buy,매수,"어 대기/분석중/완료/오류 상태를 색상으로 구분합니다. 마지막 업데이트 시간이 표시됩니다. 통계 패널 분석 결과 요약 통계가 표시됩니다. 극과매도 코인 수, 강한매수 코인 수, 매수 코인 수, 평균 바닥권 점수, 최고 바닥권 점수가 나타납니다. 결과 그리드 분석된 코인들이 카드 형태로 표시됩니다. 각 카드에는 심볼, 현재가, 24시간 변동률, 바닥권 점수 게이지, 신호 배지가 포함됩니다. 바닥권 점수가 높을수록 게이지가 빨간색"
262,코인분석기 3종,buy,매수,"완료/오류 상태를 색상으로 구분합니다. 마지막 업데이트 시간이 표시됩니다. 통계 패널 분석 결과 요약 통계가 표시됩니다. 극과매도 코인 수, 강한매수 코인 수, 매수 코인 수, 평균 바닥권 점수, 최고 바닥권 점수가 나타납니다. 결과 그리드 분석된 코인들이 카드 형태로 표시됩니다. 각 카드에는 심볼, 현재가, 24시간 변동률, 바닥권 점수 게이지, 신호 배지가 포함됩니다. 바닥권 점수가 높을수록 게이지가 빨간색으로 채워집니다."
262,코인분석기 3종,buy,매수,면서 MFI도 20 미만일 때 부여됩니다. 여러 지표가 동시에 극단적 과매도를 나타내는 상태입니다. 반등 확률이 매우 높지만 추가 하락 가능성도 있습니다. 분할 매수 전략을 권장합니다. 강한매수 (STRONG) 바닥권 점수 60-79점일 때 부여됩니다. 과매도 신호가 다수 발생한 상태입니다. 적극적인 매수를 고려할 수 있습니다. 매수 (BUY) 바닥권 점수 40-59점일 때 부여됩니다. 일부 지표에서 과매도 신호가 발생한 상태
262,코인분석기 3종,buy,매수,부여됩니다. 여러 지표가 동시에 극단적 과매도를 나타내는 상태입니다. 반등 확률이 매우 높지만 추가 하락 가능성도 있습니다. 분할 매수 전략을 권장합니다. 강한매수 (STRONG) 바닥권 점수 60-79점일 때 부여됩니다. 과매도 신호가 다수 발생한 상태입니다. 적극적인 매수를 고려할 수 있습니다. 매수 (BUY) 바닥권 점수 40-59점일 때 부여됩니다. 일부 지표에서 과매도 신호가 발생한 상태입니다. 관심 종목으로 등록하
262,코인분석기 3종,buy,매수,도 있습니다. 분할 매수 전략을 권장합니다. 강한매수 (STRONG) 바닥권 점수 60-79점일 때 부여됩니다. 과매도 신호가 다수 발생한 상태입니다. 적극적인 매수를 고려할 수 있습니다. 매수 (BUY) 바닥권 점수 40-59점일 때 부여됩니다. 일부 지표에서 과매도 신호가 발생한 상태입니다. 관심 종목으로 등록하고 모니터링합니다. 중립 (NEUTRAL) 바닥권 점수 20-39점일 때 부여됩니다. 바닥권이라고 판단하기 어려운
262,코인분석기 3종,buy,매수,을 권장합니다. 강한매수 (STRONG) 바닥권 점수 60-79점일 때 부여됩니다. 과매도 신호가 다수 발생한 상태입니다. 적극적인 매수를 고려할 수 있습니다. 매수 (BUY) 바닥권 점수 40-59점일 때 부여됩니다. 일부 지표에서 과매도 신호가 발생한 상태입니다. 관심 종목으로 등록하고 모니터링합니다. 중립 (NEUTRAL) 바닥권 점수 20-39점일 때 부여됩니다. 바닥권이라고 판단하기 어려운 상태입니다. 추가 하락을 기
262,코인분석기 3종,buy,매수,"권 점수 순으로 정렬되어 표시됩니다. 결과 해석하기 상단 통계 패널에서 전체 시장 상황을 파악합니다. 극과매도 코인이 많으면 시장 전체가 공포 상태이며, 역발상 매수 기회일 수 있습니다. 평균 바닥권 점수가 50점 이상이면 전반적으로 과매도 장세입니다. 결과 그리드에서 상위 종목들을 확인합니다. 바닥권 점수가 높은 순서대로 정렬되어 있습니다. 신호 배지 색상으로 빠르게 구분할 수 있습니다. 빨간색 EXTREME은 최우선 관심"
262,코인분석기 3종,buy,매수,"stic RSI K, Williams %R, CCI, MFI, ADX의 정확한 수치를 확인합니다. 각 지표 수치 옆에 색상으로 상태가 표시됩니다. 녹색은 과매도(매수 유리), 빨간색은 과매수(매도 유리), 노란색은 중립입니다. 볼린저밴드 섹션에서 Upper(상단), Middle(중간), Lower(하단) 가격과 Bandwidth(밴드폭)를 확인합니다. 현재가가 Lower에 가까울수록 바닥권입니다. Bandwidth가 좁아지면"
262,코인분석기 3종,buy,매수,"lliams %R, CCI, MFI, ADX의 정확한 수치를 확인합니다. 각 지표 수치 옆에 색상으로 상태가 표시됩니다. 녹색은 과매도(매수 유리), 빨간색은 과매수(매도 유리), 노란색은 중립입니다. 볼린저밴드 섹션에서 Upper(상단), Middle(중간), Lower(하단) 가격과 Bandwidth(밴드폭)를 확인합니다. 현재가가 Lower에 가까울수록 바닥권입니다. Bandwidth가 좁아지면 변동성 확대(상승 또는 하"
262,코인분석기 3종,buy,매수,"는 근접 여부를 확인합니다. 24시간 변동률이 -10% 이상 급락한 종목은 기술적 반등 가능성이 높습니다. 선별된 종목을 차트 분석기에서 상세 분석합니다. 분할 매수로 진입합니다. 1차 매수는 현재가, 2차 매수는 -5% 하락 시, 3차 매수는 -10% 하락 시로 계획합니다. 익절은 바닥권 점수가 30점 이하로 떨어지거나 RSI가 50 이상으로 회복될 때 합니다. 손절은 바닥권 점수가 계속 상승함에도 가격이 추가 -15% 이상"
262,코인분석기 3종,buy,매수,". 24시간 변동률이 -10% 이상 급락한 종목은 기술적 반등 가능성이 높습니다. 선별된 종목을 차트 분석기에서 상세 분석합니다. 분할 매수로 진입합니다. 1차 매수는 현재가, 2차 매수는 -5% 하락 시, 3차 매수는 -10% 하락 시로 계획합니다. 익절은 바닥권 점수가 30점 이하로 떨어지거나 RSI가 50 이상으로 회복될 때 합니다. 손절은 바닥권 점수가 계속 상승함에도 가격이 추가 -15% 이상 하락할 때 합니다. 주의"
262,코인분석기 3종,buy,매수,"-10% 이상 급락한 종목은 기술적 반등 가능성이 높습니다. 선별된 종목을 차트 분석기에서 상세 분석합니다. 분할 매수로 진입합니다. 1차 매수는 현재가, 2차 매수는 -5% 하락 시, 3차 매수는 -10% 하락 시로 계획합니다. 익절은 바닥권 점수가 30점 이하로 떨어지거나 RSI가 50 이상으로 회복될 때 합니다. 손절은 바닥권 점수가 계속 상승함에도 가격이 추가 -15% 이상 하락할 때 합니다. 주의사항 바닥권이라고 해서"
262,코인분석기 3종,buy,매수,"술적 반등 가능성이 높습니다. 선별된 종목을 차트 분석기에서 상세 분석합니다. 분할 매수로 진입합니다. 1차 매수는 현재가, 2차 매수는 -5% 하락 시, 3차 매수는 -10% 하락 시로 계획합니다. 익절은 바닥권 점수가 30점 이하로 떨어지거나 RSI가 50 이상으로 회복될 때 합니다. 손절은 바닥권 점수가 계속 상승함에도 가격이 추가 -15% 이상 하락할 때 합니다. 주의사항 바닥권이라고 해서 반드시 반등하는 것은 아닙니다"
262,코인분석기 3종,buy,매수,의사항 바닥권이라고 해서 반드시 반등하는 것은 아닙니다. 하락 추세가 강한 종목은 바닥권 상태가 오래 지속될 수 있습니다. 비트코인 하락장에서는 알트코인 바닥권 매수가 위험할 수 있습니다. 전체 시장 상황을 함께 고려해야 합니다. 분할 매수와 손절 라인 설정은 필수입니다. 3. 차트 분석기 (MINJINE Ultimate Analyzer v3.0 PRO MAX) 이 프로그램은 무엇인가요? 차트 분석기는 개별 암호화폐에 대해 심
262,코인분석기 3종,buy,매수,"종목은 바닥권 상태가 오래 지속될 수 있습니다. 비트코인 하락장에서는 알트코인 바닥권 매수가 위험할 수 있습니다. 전체 시장 상황을 함께 고려해야 합니다. 분할 매수와 손절 라인 설정은 필수입니다. 3. 차트 분석기 (MINJINE Ultimate Analyzer v3.0 PRO MAX) 이 프로그램은 무엇인가요? 차트 분석기는 개별 암호화폐에 대해 심층적인 기술적 분석을 제공하는 프로그램입니다. 실시간 캔들 차트, 다양한 보"
262,코인분석기 3종,buy,매수,"구성 설명 종합 시그널 패널 5가지 핵심 지표의 개별 신호가 카드 형태로 표시됩니다. 종합 신호는 모든 지표를 종합한 최종 판단입니다. Strong Buy(강력매수), Buy(매수), Neutral(중립), Sell(매도), Strong Sell(강력매도)의 5단계로 표시됩니다. RSI 신호는 RSI 지표 기반 신호입니다. MACD 신호는 MACD 크로스 및 히스토그램 기반 신호입니다. Squeeze 신호는 Squeeze M"
262,코인분석기 3종,buy,매수,"시그널 패널 5가지 핵심 지표의 개별 신호가 카드 형태로 표시됩니다. 종합 신호는 모든 지표를 종합한 최종 판단입니다. Strong Buy(강력매수), Buy(매수), Neutral(중립), Sell(매도), Strong Sell(강력매도)의 5단계로 표시됩니다. RSI 신호는 RSI 지표 기반 신호입니다. MACD 신호는 MACD 크로스 및 히스토그램 기반 신호입니다. Squeeze 신호는 Squeeze Momentum 지"
262,코인분석기 3종,buy,매수,"니다. Z-Score 신호는 MINJINE 독점 퀀트 알고리즘 기반 신호입니다. 각 카드의 테두리 색상으로 신호 방향을 빠르게 파악할 수 있습니다. 녹색 계열은 매수, 빨간색 계열은 매도, 노란색은 중립입니다. 메인 차트 영역 캔들스틱 차트가 표시됩니다. 빨간색 캔들은 상승(양봉), 파란색 캔들은 하락(음봉)입니다. 볼린저밴드가 차트에 오버레이됩니다. 상단선(Upper)은 빨간색, 중간선(Middle)은 노란색, 하단선(Low"
262,코인분석기 3종,buy,매수,"다. 거래량 급증은 추세 전환 신호일 수 있습니다. 보조지표 차트들 RSI 차트에 14봉 RSI 값이 라인으로 표시됩니다. 30 이하 과매도 구간과 70 이상 과매수 구간이 색상으로 구분됩니다. RCI 멀티타임프레임 차트에 9일, 26일, 52일 RCI가 동시에 표시됩니다. 단기, 중기, 장기 추세를 한눈에 파악할 수 있습니다. 세 라인이 모두 -80 이하면 강력한 과매도 신호입니다. 세 라인이 모두 +80 이상이면 강력한 과"
262,코인분석기 3종,buy,매수,"니다. 단기, 중기, 장기 추세를 한눈에 파악할 수 있습니다. 세 라인이 모두 -80 이하면 강력한 과매도 신호입니다. 세 라인이 모두 +80 이상이면 강력한 과매수 신호입니다. CCI 차트에 20봉 CCI 값이 라인으로 표시됩니다. -100 이하와 +100 이상 영역이 색상으로 구분됩니다. Stochastic 차트에 %K와 %D 라인이 함께 표시됩니다. %K가 %D를 상향 돌파하면 매수 신호입니다. %K가 %D를 하향 돌파하"
262,코인분석기 3종,buy,매수,"됩니다. -100 이하와 +100 이상 영역이 색상으로 구분됩니다. Stochastic 차트에 %K와 %D 라인이 함께 표시됩니다. %K가 %D를 상향 돌파하면 매수 신호입니다. %K가 %D를 하향 돌파하면 매도 신호입니다. Squeeze Momentum 차트 볼린저밴드와 켈트너채널의 관계를 분석하는 지표입니다. Squeeze 상태(변동성 수축)는 점으로 표시됩니다. 빨간 점은 Squeeze ON 상태로, 밴드가 수축 중입니다"
262,코인분석기 3종,buy,매수,"차(Z_MR), 거래량 비율(Z_OF), ATR 변동성(Z_VOL)을 종합합니다. -1에서 +1 사이의 Alpha Score로 표시됩니다. +0.5 이상은 강한 매수 신호입니다. -0.5 이하는 강한 매도 신호입니다. 0 근처는 중립입니다. 추세 추종 방식으로, 가격 상승 시 양수, 하락 시 음수를 나타냅니다. 알람 기능 상세 설정 버튼을 터치하여 알람 설정 패널을 엽니다. RSI 알람 과매도 알람은 RSI가 30 이하로 진입"
262,코인분석기 3종,buy,매수,수를 나타냅니다. 알람 기능 상세 설정 버튼을 터치하여 알람 설정 패널을 엽니다. RSI 알람 과매도 알람은 RSI가 30 이하로 진입할 때 알림을 받습니다. 과매수 알람은 RSI가 70 이상으로 진입할 때 알림을 받습니다. 평균값 알람은 RSI가 설정한 평균값을 돌파할 때 알림을 받습니다. RCI 알람 과매도 알람은 RCI가 -80 이하로 진입할 때 알림을 받습니다. 과매수 알람은 RCI가 +80 이상으로 진입할 때 알림을
262,코인분석기 3종,buy,매수,받습니다. 평균값 알람은 RSI가 설정한 평균값을 돌파할 때 알림을 받습니다. RCI 알람 과매도 알람은 RCI가 -80 이하로 진입할 때 알림을 받습니다. 과매수 알람은 RCI가 +80 이상으로 진입할 때 알림을 받습니다. CCI 알람 과매도 알람은 CCI가 -100 이하로 진입할 때 알림을 받습니다. 과매수 알람은 CCI가 +100 이상으로 진입할 때 알림을 받습니다. MACD 알람 골든크로스 알람은 MACD 히스토그램이
262,코인분석기 3종,buy,매수,받습니다. 과매수 알람은 RCI가 +80 이상으로 진입할 때 알림을 받습니다. CCI 알람 과매도 알람은 CCI가 -100 이하로 진입할 때 알림을 받습니다. 과매수 알람은 CCI가 +100 이상으로 진입할 때 알림을 받습니다. MACD 알람 골든크로스 알람은 MACD 히스토그램이 음수에서 양수로 전환할 때 알림을 받습니다. 데드크로스 알람은 MACD 히스토그램이 양수에서 음수로 전환할 때 알림을 받습니다. Squeeze 알람
262,코인분석기 3종,buy,매수,"신호 해석하기 종합 시그널 패널에서 전체적인 방향성을 파악합니다. Strong Buy는 종합 점수 80점 이상으로, 대부분의 지표가 상승을 예측합니다. 적극적인 매수를 고려합니다. Buy는 종합 점수 60-79점으로, 다수의 지표가 상승을 예측합니다. 매수를 고려하되 리스크 관리에 주의합니다. Neutral은 종합 점수 40-59점으로, 상승과 하락 신호가 혼재합니다. 관망하거나 소량 매매만 합니다. Sell은 종합 점수 20"
262,코인분석기 3종,buy,매수,"점수 80점 이상으로, 대부분의 지표가 상승을 예측합니다. 적극적인 매수를 고려합니다. Buy는 종합 점수 60-79점으로, 다수의 지표가 상승을 예측합니다. 매수를 고려하되 리스크 관리에 주의합니다. Neutral은 종합 점수 40-59점으로, 상승과 하락 신호가 혼재합니다. 관망하거나 소량 매매만 합니다. Sell은 종합 점수 20-39점으로, 다수의 지표가 하락을 예측합니다. 매도를 고려하거나 매수를 자제합니다. Str"
262,코인분석기 3종,buy,매수,"로, 상승과 하락 신호가 혼재합니다. 관망하거나 소량 매매만 합니다. Sell은 종합 점수 20-39점으로, 다수의 지표가 하락을 예측합니다. 매도를 고려하거나 매수를 자제합니다. Strong Sell은 종합 점수 20점 미만으로, 대부분의 지표가 하락을 예측합니다. 적극적인 매도를 고려합니다. 캔들 패턴 분석하기 메인 차트에서 캔들 패턴을 확인합니다. 장대 양봉(큰 빨간 캔들)은 강한 매수세를 나타냅니다. 장대 음봉(큰 파란"
262,코인분석기 3종,buy,매수,", 대부분의 지표가 하락을 예측합니다. 적극적인 매도를 고려합니다. 캔들 패턴 분석하기 메인 차트에서 캔들 패턴을 확인합니다. 장대 양봉(큰 빨간 캔들)은 강한 매수세를 나타냅니다. 장대 음봉(큰 파란 캔들)은 강한 매도세를 나타냅니다. 도지(십자형 캔들)는 매수세와 매도세의 균형으로, 추세 전환 가능성을 나타냅니다. 망치형 캔들(아래 꼬리가 긴 캔들)은 하락 후 반등 가능성을 나타냅니다. 역망치형 캔들(위 꼬리가 긴 캔들)은"
262,코인분석기 3종,buy,매수,"서 캔들 패턴을 확인합니다. 장대 양봉(큰 빨간 캔들)은 강한 매수세를 나타냅니다. 장대 음봉(큰 파란 캔들)은 강한 매도세를 나타냅니다. 도지(십자형 캔들)는 매수세와 매도세의 균형으로, 추세 전환 가능성을 나타냅니다. 망치형 캔들(아래 꼬리가 긴 캔들)은 하락 후 반등 가능성을 나타냅니다. 역망치형 캔들(위 꼬리가 긴 캔들)은 상승 후 조정 가능성을 나타냅니다. 볼린저밴드 활용하기 현재가가 하단선(Lower) 아래로 이탈하"
262,코인분석기 3종,buy,매수,"니다. 볼린저밴드 활용하기 현재가가 하단선(Lower) 아래로 이탈하면 과매도 상태이며, 반등 가능성을 나타냅니다. 현재가가 상단선(Upper) 위로 이탈하면 과매수 상태이며, 조정 가능성을 나타냅니다. 밴드폭이 좁아지면(Squeeze) 변동성 확대 전 신호입니다. 밴드폭이 넓어지면 변동성이 높은 상태입니다. Squeeze Momentum 활용하기 Squeeze Momentum 차트에서 점 색상을 확인합니다. 빨간 점이 연속되"
262,코인분석기 3종,buy,매수,ze OFF 직후 + 모멘텀 방향 확인 시점입니다. Z-Score 활용하기 Z-Score 차트에서 Alpha Score 값을 확인합니다. +0.85 이상은 극강 매수 신호입니다. +0.5 ~ +0.85는 강한 매수 신호입니다. +0.2 ~ +0.5는 약한 매수 신호입니다. -0.2 ~ +0.2는 중립입니다. -0.5 ~ -0.2는 약한 매도 신호입니다. -0.85 ~ -0.5는 강한 매도 신호입니다. -0.85 이하는 극강 매
262,코인분석기 3종,buy,매수,. Z-Score 활용하기 Z-Score 차트에서 Alpha Score 값을 확인합니다. +0.85 이상은 극강 매수 신호입니다. +0.5 ~ +0.85는 강한 매수 신호입니다. +0.2 ~ +0.5는 약한 매수 신호입니다. -0.2 ~ +0.2는 중립입니다. -0.5 ~ -0.2는 약한 매도 신호입니다. -0.85 ~ -0.5는 강한 매도 신호입니다. -0.85 이하는 극강 매도 신호입니다. Z-Score는 추세 추종 지표이
262,코인분석기 3종,buy,매수,"서 Alpha Score 값을 확인합니다. +0.85 이상은 극강 매수 신호입니다. +0.5 ~ +0.85는 강한 매수 신호입니다. +0.2 ~ +0.5는 약한 매수 신호입니다. -0.2 ~ +0.2는 중립입니다. -0.5 ~ -0.2는 약한 매도 신호입니다. -0.85 ~ -0.5는 강한 매도 신호입니다. -0.85 이하는 극강 매도 신호입니다. Z-Score는 추세 추종 지표이므로, 추세가 진행 중일 때 신뢰도가 높습니다."
262,코인분석기 3종,buy,매수,", 52일(장기) 세 라인을 함께 확인합니다. 세 라인이 모두 -80 이하면 강력한 과매도로, 반등 가능성이 높습니다. 세 라인이 모두 +80 이상이면 강력한 과매수로, 조정 가능성이 높습니다. 단기선이 중기선을 상향 돌파하면 단기 상승 전환 신호입니다. 단기선이 중기선을 하향 돌파하면 단기 하락 전환 신호입니다. 세 라인이 동일 방향으로 정렬되면 추세가 강합니다. 알람 설정하기 설정 버튼을 터치하여 알람 패널을 엽니다. 원하"
262,코인분석기 3종,buy,매수,+ 양수 모멘텀 증가 확인합니다. Z-Score +0.5 이상 확인합니다. RCI 단기선 -80 이하에서 상승 전환 확인합니다. 위 조건 중 3개 이상 충족 시 매수를 고려합니다. 볼린저밴드 중간선(Middle)을 1차 익절 목표로 설정합니다. 볼린저밴드 상단선(Upper)을 2차 익절 목표로 설정합니다. RSI 70 이상 또는 RCI +80 이상 도달 시 전량 청산합니다. 손절은 진입가 대비 -3% 또는 볼린저밴드 하단 이탈
262,코인분석기 3종,buy,매수,"다. 종합 신호가 Buy 이상인지 확인합니다. Squeeze Momentum, Z-Score, RCI 등을 추가 검증합니다. 지지선, 저항선 위치를 파악합니다. 매수가, 익절가, 손절가를 사전에 계획합니다. 3단계 단타용 미니맵 최종 선별된 종목을 단타용 미니맵에서 실시간 모니터링합니다. 종합 점수가 70점 이상 + LONG 신호 발생 시 진입합니다. MTF 분석으로 여러 시간대 신호 일치 여부를 확인합니다. TRACK 기능으"
262,코인분석기 3종,buy,매수,"부를 확인합니다. TRACK 기능으로 수익률을 추적합니다. 신호가 HOLD 또는 SHORT로 전환되면 청산을 고려합니다. 연계 활용의 장점 바닥권 분석기로 저점 매수 기회를 포착합니다. 차트 분석기로 진입 타이밍을 정밀하게 잡습니다. 단타용 미니맵으로 실시간 매매 관리를 합니다. 각 프로그램의 장점을 결합하여 승률을 높일 수 있습니다. 공 통 주의사항 투자는 본인 책임입니다. 본 프로그램이 제공하는 신호는 참고용이며, 실제 투"
262,코인분석기 3종,buy,매수,"가능성이 있으므로 ""감당 가능한 금액""만 투자합니다. 손절 라인 설정은 필수입니다. 어떤 분석도 100% 정확하지 않으므로 반드시 손절 계획을 세웁니다. 분할 매수/매도 전략을 권장합니다. 한 번에 전량 매수/매도하지 말고 나누어 진행합니다. 비트코인 방향성을 항상 확인합니다. 알트코인은 비트코인 영향을 크게 받으므로 BTC 차트를 함께 봅니다. 프로그램 사용 환경을 확인합니다. 안정적인 인터넷 연결이 필요합니다. 모바일보다"
262,코인분석기 3종,buy,매수,자합니다. 손절 라인 설정은 필수입니다. 어떤 분석도 100% 정확하지 않으므로 반드시 손절 계획을 세웁니다. 분할 매수/매도 전략을 권장합니다. 한 번에 전량 매수/매도하지 말고 나누어 진행합니다. 비트코인 방향성을 항상 확인합니다. 알트코인은 비트코인 영향을 크게 받으므로 BTC 차트를 함께 봅니다. 프로그램 사용 환경을 확인합니다. 안정적인 인터넷 연결이 필요합니다. 모바일보다 PC 환경에서 더 원활하게 작동합니다. 브라
262,코인분석기 3종,sell,매도,"미니맵은 거래소의 상위 30개 암호화폐를 동시에 모니터링 실시간 매매 신호를 제공 하는 프로그램입니다. 10개의 기술적 지표를 종합 분석하여 각 코인별로 매수/매도/관망 신호를 생성합니다. 멀티타임프레임 교차분석 기능을 통해 1분, 3분, 5분, 15분봉의 신호를 동시에 확인할 수 있어 신뢰도 높은 매매 판단이 가능합니다. 화면 구성 설명 신호등 바 (30개 코인) 저작권 경고 아래에 30개의 작은 사각형이 나열되어 있습니다"
262,코인분석기 3종,sell,매도,"(30개 코인) 저작권 경고 아래에 30개의 작은 사각형이 나열되어 있습니다. 이것이 30개 코인의 실시간 신호등입니다. 녹색은 매수 신호(LONG), 빨간색은 매도 신호(SHORT), 노란색은 관망 신호(HOLD)를 의미합니다. 각 사각형에 마우스를 올리면 해당 코인의 심볼이 표시됩니다. 1분마다 자동으로 갱신되며, 우측의 평균 점수와 롱/홀드/숏 개수 통계를 확인할 수 있습니다. 수익률 추적바 신호등 바 아래에 위치한 가로"
262,코인분석기 3종,sell,매도,"등, 점수 바가 한눈에 보입니다. 10개 보조지표 상세 설명 RSI (Relative Strength Index) 14봉 기준 상대강도지수입니다. 30 이하면 과매도로 매수 신호, 70 이상이면 과매수로 매도 신호입니다. 기본 가중치는 15%로 가장 높습니다. Stochastic 14봉 기준 스토캐스틱 %K 값입니다. 20 이하면 과매도, 80 이상이면 과매수입니다. 기본 가중치는 12%입니다. CCI (Commodity Ch"
262,코인분석기 3종,sell,매도,"조지표 상세 설명 RSI (Relative Strength Index) 14봉 기준 상대강도지수입니다. 30 이하면 과매도로 매수 신호, 70 이상이면 과매수로 매도 신호입니다. 기본 가중치는 15%로 가장 높습니다. Stochastic 14봉 기준 스토캐스틱 %K 값입니다. 20 이하면 과매도, 80 이상이면 과매수입니다. 기본 가중치는 12%입니다. CCI (Commodity Channel Index) 20봉 기준 상품채널"
262,코인분석기 3종,sell,매도,"신호, 70 이상이면 과매수로 매도 신호입니다. 기본 가중치는 15%로 가장 높습니다. Stochastic 14봉 기준 스토캐스틱 %K 값입니다. 20 이하면 과매도, 80 이상이면 과매수입니다. 기본 가중치는 12%입니다. CCI (Commodity Channel Index) 20봉 기준 상품채널지수입니다. -100 이하면 과매도, +100 이상이면 과매수입니다. 기본 가중치는 10%입니다. Williams %R 14봉 기준"
262,코인분석기 3종,sell,매도,"80 이상이면 과매수입니다. 기본 가중치는 12%입니다. CCI (Commodity Channel Index) 20봉 기준 상품채널지수입니다. -100 이하면 과매도, +100 이상이면 과매수입니다. 기본 가중치는 10%입니다. Williams %R 14봉 기준 윌리엄스 %R입니다. -80 이하면 과매도, -20 이상이면 과매수입니다. 기본 가중치는 10%입니다. MFI (Money Flow Index) 14봉 기준 자금흐름지"
262,코인분석기 3종,sell,매도,". -100 이하면 과매도, +100 이상이면 과매수입니다. 기본 가중치는 10%입니다. Williams %R 14봉 기준 윌리엄스 %R입니다. -80 이하면 과매도, -20 이상이면 과매수입니다. 기본 가중치는 10%입니다. MFI (Money Flow Index) 14봉 기준 자금흐름지수입니다. 거래량을 가중한 RSI라고 생각하면 됩니다. 20 이하면 과매도, 80 이상이면 과매수입니다. 기본 가중치는 12%입니다. BB%"
262,코인분석기 3종,sell,매도,"기본 가중치는 10%입니다. MFI (Money Flow Index) 14봉 기준 자금흐름지수입니다. 거래량을 가중한 RSI라고 생각하면 됩니다. 20 이하면 과매도, 80 이상이면 과매수입니다. 기본 가중치는 12%입니다. BB%B (Bollinger Band %B) 볼린저밴드 내 현재가 위치입니다. 0.2 이하면 하단 근처로 매수 구간, 0.8 이상이면 상단 근처로 매도 구간입니다. 기본 가중치는 10%입니다. MACD H"
262,코인분석기 3종,sell,매도,"12%입니다. BB%B (Bollinger Band %B) 볼린저밴드 내 현재가 위치입니다. 0.2 이하면 하단 근처로 매수 구간, 0.8 이상이면 상단 근처로 매도 구간입니다. 기본 가중치는 10%입니다. MACD Histogram MACD 히스토그램의 방향 전환을 감지합니다. 음수에서 양수로 전환 시 매수 신호, 양수에서 음수로 전환 시 매도 신호입니다. 기본 가중치는 8%입니다. ADX (Average Directiona"
262,코인분석기 3종,sell,매도,"가중치는 10%입니다. MACD Histogram MACD 히스토그램의 방향 전환을 감지합니다. 음수에서 양수로 전환 시 매수 신호, 양수에서 음수로 전환 시 매도 신호입니다. 기본 가중치는 8%입니다. ADX (Average Directional Index) 추세 강도를 측정합니다. 25 이하면 추세가 약해 횡보 구간, 25 이상이면 추세가 강해 방향성 매매가 유리합니다. 기본 가중치는 8%입니다. OBV (On Balan"
262,코인분석기 3종,sell,매도,점수 70점 이상이면서 LONG이면 강력 매수 신호입니다. 점수 55-70점이면서 LONG이면 매수 관심 구간입니다. 점수 30점 이하이면서 SHORT이면 강력 매도 신호입니다. 점수 31-45점이면서 SHORT이면 매도 관심 구간입니다. 그 외는 관망(HOLD)입니다. 현재가와 24시간 변동률이 실시간으로 갱신됩니다. 10개 보조지표의 상세 수치와 개별 신호를 확인할 수 있습니다. 각 지표 아래에 BUY/SELL/NEUTRA
262,코인분석기 3종,sell,매도,. 점수 55-70점이면서 LONG이면 매수 관심 구간입니다. 점수 30점 이하이면서 SHORT이면 강력 매도 신호입니다. 점수 31-45점이면서 SHORT이면 매도 관심 구간입니다. 그 외는 관망(HOLD)입니다. 현재가와 24시간 변동률이 실시간으로 갱신됩니다. 10개 보조지표의 상세 수치와 개별 신호를 확인할 수 있습니다. 각 지표 아래에 BUY/SELL/NEUTRAL 상태가 표시됩니다. 진입/청산 포인트 섹션에서 추천
262,코인분석기 3종,sell,매도,"코인을 선별합니다. 현재가가 볼린저밴드 하단(BB%B 0.2 이하) 근처인지 확인합니다. RSI 30 이하, Stochastic 20 이하가 동시에 나타나면 과매도 반등 가능성이 높습니다. 진입 후 손절 라인은 진입가 대비 -3% ~ -5%로 설정합니다. 익절은 3단계로 나누어 +5%, +10%, +15%에서 분할 청산합니다. 주의사항 비트코인이 급락 중일 때는 알트코인 매수를 자제합니다. 30개 코인 중 80% 이상이 SH"
262,코인분석기 3종,sell,매도,"필요합니다. 2. 바닥권 분석기 (Quantum Alpha Analyzer PRO) 이 프로그램은 무엇인가요? 바닥권 분석기는 거래소의 전체 암호화폐 중에서 과매도 상태에 진입한 종목을 찾아내는 프로그램입니다. RSI, Stochastic RSI, Williams %R, CCI, MFI, 볼린저밴드, ADX 등 7가지 핵심 지표를 분석하여 0-100점 사이의 바닥권 점수를 산출합니다. 점수가 높을수록 현재 가격이 바닥권에 가"
262,코인분석기 3종,sell,매도,"버튼이 있습니다. 자동갱신을 켜면 5분마다 자동으로 재분석됩니다. 표시 개수(10/30/50/전체), 정렬 기준(바닥권점수/변동률/RSI), 신호 필터(전체/극과매도/강한매수/매수/중립/매도)를 선택할 수 있습니다. 상태바 분석 상태 표시등이 있어 대기/분석중/완료/오류 상태를 색상으로 구분합니다. 마지막 업데이트 시간이 표시됩니다. 통계 패널 분석 결과 요약 통계가 표시됩니다. 극과매도 코인 수, 강한매수 코인 수, 매수 코"
262,코인분석기 3종,sell,매도,"을 켜면 5분마다 자동으로 재분석됩니다. 표시 개수(10/30/50/전체), 정렬 기준(바닥권점수/변동률/RSI), 신호 필터(전체/극과매도/강한매수/매수/중립/매도)를 선택할 수 있습니다. 상태바 분석 상태 표시등이 있어 대기/분석중/완료/오류 상태를 색상으로 구분합니다. 마지막 업데이트 시간이 표시됩니다. 통계 패널 분석 결과 요약 통계가 표시됩니다. 극과매도 코인 수, 강한매수 코인 수, 매수 코인 수, 평균 바닥권 점수"
262,코인분석기 3종,sell,매도,"석 상태 표시등이 있어 대기/분석중/완료/오류 상태를 색상으로 구분합니다. 마지막 업데이트 시간이 표시됩니다. 통계 패널 분석 결과 요약 통계가 표시됩니다. 극과매도 코인 수, 강한매수 코인 수, 매수 코인 수, 평균 바닥권 점수, 최고 바닥권 점수가 나타납니다. 결과 그리드 분석된 코인들이 카드 형태로 표시됩니다. 각 카드에는 심볼, 현재가, 24시간 변동률, 바닥권 점수 게이지, 신호 배지가 포함됩니다. 바닥권 점수가 높을"
262,코인분석기 3종,sell,매도,"면 2.5점이 부여됩니다. ADX (5점) ADX가 20 미만이면 5점이 부여됩니다. 추세가 약할 때 바닥권 반등 가능성이 높기 때문입니다. 신호 분류 기준 극과매도 (EXTREME) 바닥권 점수 80점 이상이거나, RSI 20 미만이면서 MFI도 20 미만일 때 부여됩니다. 여러 지표가 동시에 극단적 과매도를 나타내는 상태입니다. 반등 확률이 매우 높지만 추가 하락 가능성도 있습니다. 분할 매수 전략을 권장합니다. 강한매수"
262,코인분석기 3종,sell,매도,"분류 기준 극과매도 (EXTREME) 바닥권 점수 80점 이상이거나, RSI 20 미만이면서 MFI도 20 미만일 때 부여됩니다. 여러 지표가 동시에 극단적 과매도를 나타내는 상태입니다. 반등 확률이 매우 높지만 추가 하락 가능성도 있습니다. 분할 매수 전략을 권장합니다. 강한매수 (STRONG) 바닥권 점수 60-79점일 때 부여됩니다. 과매도 신호가 다수 발생한 상태입니다. 적극적인 매수를 고려할 수 있습니다. 매수 (B"
262,코인분석기 3종,sell,매도,다. 반등 확률이 매우 높지만 추가 하락 가능성도 있습니다. 분할 매수 전략을 권장합니다. 강한매수 (STRONG) 바닥권 점수 60-79점일 때 부여됩니다. 과매도 신호가 다수 발생한 상태입니다. 적극적인 매수를 고려할 수 있습니다. 매수 (BUY) 바닥권 점수 40-59점일 때 부여됩니다. 일부 지표에서 과매도 신호가 발생한 상태입니다. 관심 종목으로 등록하고 모니터링합니다. 중립 (NEUTRAL) 바닥권 점수 20-39점
262,코인분석기 3종,sell,매도,됩니다. 과매도 신호가 다수 발생한 상태입니다. 적극적인 매수를 고려할 수 있습니다. 매수 (BUY) 바닥권 점수 40-59점일 때 부여됩니다. 일부 지표에서 과매도 신호가 발생한 상태입니다. 관심 종목으로 등록하고 모니터링합니다. 중립 (NEUTRAL) 바닥권 점수 20-39점일 때 부여됩니다. 바닥권이라고 판단하기 어려운 상태입니다. 추가 하락을 기다리거나 다른 종목을 탐색합니다. 매도 (SELL) 바닥권 점수 20점 미만
262,코인분석기 3종,sell,매도,다. 중립 (NEUTRAL) 바닥권 점수 20-39점일 때 부여됩니다. 바닥권이라고 판단하기 어려운 상태입니다. 추가 하락을 기다리거나 다른 종목을 탐색합니다. 매도 (SELL) 바닥권 점수 20점 미만일 때 부여됩니다. 과매도 구간이 아니라 오히려 상승 후 조정 가능성이 있습니다. 사용 방법 상세 가이드 분석 실행하기 원하는 시간대를 선택합니다. 바닥권 분석에는 30분봉 이상을 권장합니다. 분석 코인 개수를 선택합니다. 처음
262,코인분석기 3종,sell,매도,"됩니다. 바닥권이라고 판단하기 어려운 상태입니다. 추가 하락을 기다리거나 다른 종목을 탐색합니다. 매도 (SELL) 바닥권 점수 20점 미만일 때 부여됩니다. 과매도 구간이 아니라 오히려 상승 후 조정 가능성이 있습니다. 사용 방법 상세 가이드 분석 실행하기 원하는 시간대를 선택합니다. 바닥권 분석에는 30분봉 이상을 권장합니다. 분석 코인 개수를 선택합니다. 처음에는 상위 50개로 빠르게 테스트하고, 익숙해지면 전체 분석을"
262,코인분석기 3종,sell,매도,"1-5분 정도 소요됩니다. 분석이 완료되면 결과가 바닥권 점수 순으로 정렬되어 표시됩니다. 결과 해석하기 상단 통계 패널에서 전체 시장 상황을 파악합니다. 극과매도 코인이 많으면 시장 전체가 공포 상태이며, 역발상 매수 기회일 수 있습니다. 평균 바닥권 점수가 50점 이상이면 전반적으로 과매도 장세입니다. 결과 그리드에서 상위 종목들을 확인합니다. 바닥권 점수가 높은 순서대로 정렬되어 있습니다. 신호 배지 색상으로 빠르게 구"
262,코인분석기 3종,sell,매도,"시장 상황을 파악합니다. 극과매도 코인이 많으면 시장 전체가 공포 상태이며, 역발상 매수 기회일 수 있습니다. 평균 바닥권 점수가 50점 이상이면 전반적으로 과매도 장세입니다. 결과 그리드에서 상위 종목들을 확인합니다. 바닥권 점수가 높은 순서대로 정렬되어 있습니다. 신호 배지 색상으로 빠르게 구분할 수 있습니다. 빨간색 EXTREME은 최우선 관심 종목입니다. 주황색 STRONG은 관심 종목입니다. 녹색 BUY는 참고 종목"
262,코인분석기 3종,sell,매도,"chastic RSI K, Williams %R, CCI, MFI, ADX의 정확한 수치를 확인합니다. 각 지표 수치 옆에 색상으로 상태가 표시됩니다. 녹색은 과매도(매수 유리), 빨간색은 과매수(매도 유리), 노란색은 중립입니다. 볼린저밴드 섹션에서 Upper(상단), Middle(중간), Lower(하단) 가격과 Bandwidth(밴드폭)를 확인합니다. 현재가가 Lower에 가까울수록 바닥권입니다. Bandwidth가 좁아"
262,코인분석기 3종,sell,매도,"ams %R, CCI, MFI, ADX의 정확한 수치를 확인합니다. 각 지표 수치 옆에 색상으로 상태가 표시됩니다. 녹색은 과매도(매수 유리), 빨간색은 과매수(매도 유리), 노란색은 중립입니다. 볼린저밴드 섹션에서 Upper(상단), Middle(중간), Lower(하단) 가격과 Bandwidth(밴드폭)를 확인합니다. 현재가가 Lower에 가까울수록 바닥권입니다. Bandwidth가 좁아지면 변동성 확대(상승 또는 하락)"
262,코인분석기 3종,sell,매도,Lower에 가까울수록 바닥권입니다. Bandwidth가 좁아지면 변동성 확대(상승 또는 하락) 가능성이 있습니다. 필터링 및 정렬 활용하기 신호 필터에서 극과매도만 선택하면 최우선 관심 종목만 표시됩니다. 정렬 기준을 변동률로 변경하면 가장 많이 하락한 종목 순으로 정렬됩니다. 급락 후 반등을 노리는 전략에 활용할 수 있습니다. 정렬 기준을 RSI로 변경하면 RSI가 가장 낮은 종목 순으로 정렬됩니다. RSI 기반 매매를
262,코인분석기 3종,sell,매도,"호가 카드 형태로 표시됩니다. 종합 신호는 모든 지표를 종합한 최종 판단입니다. Strong Buy(강력매수), Buy(매수), Neutral(중립), Sell(매도), Strong Sell(강력매도)의 5단계로 표시됩니다. RSI 신호는 RSI 지표 기반 신호입니다. MACD 신호는 MACD 크로스 및 히스토그램 기반 신호입니다. Squeeze 신호는 Squeeze Momentum 지표 기반 신호입니다. Z-Score 신호는"
262,코인분석기 3종,sell,매도,"신호는 모든 지표를 종합한 최종 판단입니다. Strong Buy(강력매수), Buy(매수), Neutral(중립), Sell(매도), Strong Sell(강력매도)의 5단계로 표시됩니다. RSI 신호는 RSI 지표 기반 신호입니다. MACD 신호는 MACD 크로스 및 히스토그램 기반 신호입니다. Squeeze 신호는 Squeeze Momentum 지표 기반 신호입니다. Z-Score 신호는 MINJINE 독점 퀀트 알고리즘"
262,코인분석기 3종,sell,매도,"신호는 MINJINE 독점 퀀트 알고리즘 기반 신호입니다. 각 카드의 테두리 색상으로 신호 방향을 빠르게 파악할 수 있습니다. 녹색 계열은 매수, 빨간색 계열은 매도, 노란색은 중립입니다. 메인 차트 영역 캔들스틱 차트가 표시됩니다. 빨간색 캔들은 상승(양봉), 파란색 캔들은 하락(음봉)입니다. 볼린저밴드가 차트에 오버레이됩니다. 상단선(Upper)은 빨간색, 중간선(Middle)은 노란색, 하단선(Lower)은 파란색입니다."
262,코인분석기 3종,sell,매도,"봉은 빨간색으로 표시됩니다. 거래량 급증은 추세 전환 신호일 수 있습니다. 보조지표 차트들 RSI 차트에 14봉 RSI 값이 라인으로 표시됩니다. 30 이하 과매도 구간과 70 이상 과매수 구간이 색상으로 구분됩니다. RCI 멀티타임프레임 차트에 9일, 26일, 52일 RCI가 동시에 표시됩니다. 단기, 중기, 장기 추세를 한눈에 파악할 수 있습니다. 세 라인이 모두 -80 이하면 강력한 과매도 신호입니다. 세 라인이 모두"
262,코인분석기 3종,sell,매도,"프레임 차트에 9일, 26일, 52일 RCI가 동시에 표시됩니다. 단기, 중기, 장기 추세를 한눈에 파악할 수 있습니다. 세 라인이 모두 -80 이하면 강력한 과매도 신호입니다. 세 라인이 모두 +80 이상이면 강력한 과매수 신호입니다. CCI 차트에 20봉 CCI 값이 라인으로 표시됩니다. -100 이하와 +100 이상 영역이 색상으로 구분됩니다. Stochastic 차트에 %K와 %D 라인이 함께 표시됩니다. %K가 %D를"
262,코인분석기 3종,sell,매도,"색상으로 구분됩니다. Stochastic 차트에 %K와 %D 라인이 함께 표시됩니다. %K가 %D를 상향 돌파하면 매수 신호입니다. %K가 %D를 하향 돌파하면 매도 신호입니다. Squeeze Momentum 차트 볼린저밴드와 켈트너채널의 관계를 분석하는 지표입니다. Squeeze 상태(변동성 수축)는 점으로 표시됩니다. 빨간 점은 Squeeze ON 상태로, 밴드가 수축 중입니다. 녹색 점은 Squeeze OFF 상태로, 밴"
262,코인분석기 3종,sell,매도,"ATR 변동성(Z_VOL)을 종합합니다. -1에서 +1 사이의 Alpha Score로 표시됩니다. +0.5 이상은 강한 매수 신호입니다. -0.5 이하는 강한 매도 신호입니다. 0 근처는 중립입니다. 추세 추종 방식으로, 가격 상승 시 양수, 하락 시 음수를 나타냅니다. 알람 기능 상세 설정 버튼을 터치하여 알람 설정 패널을 엽니다. RSI 알람 과매도 알람은 RSI가 30 이하로 진입할 때 알림을 받습니다. 과매수 알람은"
262,코인분석기 3종,sell,매도,"립입니다. 추세 추종 방식으로, 가격 상승 시 양수, 하락 시 음수를 나타냅니다. 알람 기능 상세 설정 버튼을 터치하여 알람 설정 패널을 엽니다. RSI 알람 과매도 알람은 RSI가 30 이하로 진입할 때 알림을 받습니다. 과매수 알람은 RSI가 70 이상으로 진입할 때 알림을 받습니다. 평균값 알람은 RSI가 설정한 평균값을 돌파할 때 알림을 받습니다. RCI 알람 과매도 알람은 RCI가 -80 이하로 진입할 때 알림을 받습"
262,코인분석기 3종,sell,매도,받습니다. 과매수 알람은 RSI가 70 이상으로 진입할 때 알림을 받습니다. 평균값 알람은 RSI가 설정한 평균값을 돌파할 때 알림을 받습니다. RCI 알람 과매도 알람은 RCI가 -80 이하로 진입할 때 알림을 받습니다. 과매수 알람은 RCI가 +80 이상으로 진입할 때 알림을 받습니다. CCI 알람 과매도 알람은 CCI가 -100 이하로 진입할 때 알림을 받습니다. 과매수 알람은 CCI가 +100 이상으로 진입할 때 알림
262,코인분석기 3종,sell,매도,RCI 알람 과매도 알람은 RCI가 -80 이하로 진입할 때 알림을 받습니다. 과매수 알람은 RCI가 +80 이상으로 진입할 때 알림을 받습니다. CCI 알람 과매도 알람은 CCI가 -100 이하로 진입할 때 알림을 받습니다. 과매수 알람은 CCI가 +100 이상으로 진입할 때 알림을 받습니다. MACD 알람 골든크로스 알람은 MACD 히스토그램이 음수에서 양수로 전환할 때 알림을 받습니다. 데드크로스 알람은 MACD 히스토그
262,코인분석기 3종,sell,매도,"점수 40-59점으로, 상승과 하락 신호가 혼재합니다. 관망하거나 소량 매매만 합니다. Sell은 종합 점수 20-39점으로, 다수의 지표가 하락을 예측합니다. 매도를 고려하거나 매수를 자제합니다. Strong Sell은 종합 점수 20점 미만으로, 대부분의 지표가 하락을 예측합니다. 적극적인 매도를 고려합니다. 캔들 패턴 분석하기 메인 차트에서 캔들 패턴을 확인합니다. 장대 양봉(큰 빨간 캔들)은 강한 매수세를 나타냅니다."
262,코인분석기 3종,sell,매도,"지표가 하락을 예측합니다. 매도를 고려하거나 매수를 자제합니다. Strong Sell은 종합 점수 20점 미만으로, 대부분의 지표가 하락을 예측합니다. 적극적인 매도를 고려합니다. 캔들 패턴 분석하기 메인 차트에서 캔들 패턴을 확인합니다. 장대 양봉(큰 빨간 캔들)은 강한 매수세를 나타냅니다. 장대 음봉(큰 파란 캔들)은 강한 매도세를 나타냅니다. 도지(십자형 캔들)는 매수세와 매도세의 균형으로, 추세 전환 가능성을 나타냅니다"
262,코인분석기 3종,sell,매도,"고려합니다. 캔들 패턴 분석하기 메인 차트에서 캔들 패턴을 확인합니다. 장대 양봉(큰 빨간 캔들)은 강한 매수세를 나타냅니다. 장대 음봉(큰 파란 캔들)은 강한 매도세를 나타냅니다. 도지(십자형 캔들)는 매수세와 매도세의 균형으로, 추세 전환 가능성을 나타냅니다. 망치형 캔들(아래 꼬리가 긴 캔들)은 하락 후 반등 가능성을 나타냅니다. 역망치형 캔들(위 꼬리가 긴 캔들)은 상승 후 조정 가능성을 나타냅니다. 볼린저밴드 활용하기"
262,코인분석기 3종,sell,매도,"패턴을 확인합니다. 장대 양봉(큰 빨간 캔들)은 강한 매수세를 나타냅니다. 장대 음봉(큰 파란 캔들)은 강한 매도세를 나타냅니다. 도지(십자형 캔들)는 매수세와 매도세의 균형으로, 추세 전환 가능성을 나타냅니다. 망치형 캔들(아래 꼬리가 긴 캔들)은 하락 후 반등 가능성을 나타냅니다. 역망치형 캔들(위 꼬리가 긴 캔들)은 상승 후 조정 가능성을 나타냅니다. 볼린저밴드 활용하기 현재가가 하단선(Lower) 아래로 이탈하면 과매도"
262,코인분석기 3종,sell,매도,"가능성을 나타냅니다. 역망치형 캔들(위 꼬리가 긴 캔들)은 상승 후 조정 가능성을 나타냅니다. 볼린저밴드 활용하기 현재가가 하단선(Lower) 아래로 이탈하면 과매도 상태이며, 반등 가능성을 나타냅니다. 현재가가 상단선(Upper) 위로 이탈하면 과매수 상태이며, 조정 가능성을 나타냅니다. 밴드폭이 좁아지면(Squeeze) 변동성 확대 전 신호입니다. 밴드폭이 넓어지면 변동성이 높은 상태입니다. Squeeze Momentum"
262,코인분석기 3종,sell,매도,"+0.5 ~ +0.85는 강한 매수 신호입니다. +0.2 ~ +0.5는 약한 매수 신호입니다. -0.2 ~ +0.2는 중립입니다. -0.5 ~ -0.2는 약한 매도 신호입니다. -0.85 ~ -0.5는 강한 매도 신호입니다. -0.85 이하는 극강 매도 신호입니다. Z-Score는 추세 추종 지표이므로, 추세가 진행 중일 때 신뢰도가 높습니다. RCI 멀티타임프레임 활용하기 RCI 9일(단기), 26일(중기), 52일(장기)"
262,코인분석기 3종,sell,매도,"+0.2 ~ +0.5는 약한 매수 신호입니다. -0.2 ~ +0.2는 중립입니다. -0.5 ~ -0.2는 약한 매도 신호입니다. -0.85 ~ -0.5는 강한 매도 신호입니다. -0.85 이하는 극강 매도 신호입니다. Z-Score는 추세 추종 지표이므로, 추세가 진행 중일 때 신뢰도가 높습니다. RCI 멀티타임프레임 활용하기 RCI 9일(단기), 26일(중기), 52일(장기) 세 라인을 함께 확인합니다. 세 라인이 모두 -"
262,코인분석기 3종,sell,매도,"니다. -0.2 ~ +0.2는 중립입니다. -0.5 ~ -0.2는 약한 매도 신호입니다. -0.85 ~ -0.5는 강한 매도 신호입니다. -0.85 이하는 극강 매도 신호입니다. Z-Score는 추세 추종 지표이므로, 추세가 진행 중일 때 신뢰도가 높습니다. RCI 멀티타임프레임 활용하기 RCI 9일(단기), 26일(중기), 52일(장기) 세 라인을 함께 확인합니다. 세 라인이 모두 -80 이하면 강력한 과매도로, 반등 가능성"
262,코인분석기 3종,sell,매도,"높습니다. RCI 멀티타임프레임 활용하기 RCI 9일(단기), 26일(중기), 52일(장기) 세 라인을 함께 확인합니다. 세 라인이 모두 -80 이하면 강력한 과매도로, 반등 가능성이 높습니다. 세 라인이 모두 +80 이상이면 강력한 과매수로, 조정 가능성이 높습니다. 단기선이 중기선을 상향 돌파하면 단기 상승 전환 신호입니다. 단기선이 중기선을 하향 돌파하면 단기 하락 전환 신호입니다. 세 라인이 동일 방향으로 정렬되면 추세"
262,코인분석기 3종,sell,매도,합니다. 알람 설정하기 설정 버튼을 터치하여 알람 패널을 엽니다. 원하는 알람 조건의 체크박스를 활성화합니다. 필요 시 임계값을 조정합니다. 예를 들어 RSI 과매도 기준을 30에서 25로 낮출 수 있습니다. 테스트 버튼으로 알람 소리를 확인합니다. 알람 조건 충족 시 화면에 알림이 표시되고 소리가 재생됩니다. 실시간 모니터링 없이도 중요한 신호를 놓치지 않을 수 있습니다. 실전 매매 전략 기본 전략 종합 신호 Strong B
262,코인분석기 3종,sell,매도,"술적 분석으로 예측하기 어렵습니다. 중요 뉴스가 예정된 시간대에는 매매를 자제합니다. 3종 프로그램 연계 활용법 1단계 바닥권 분석기 바닥권 분석기를 실행하여 과매도 상태의 종목을 발굴합니다. 바닥권 점수 70점 이상인 종목을 리스트업합니다. 극과매도 신호가 나온 종목을 우선 선별합니다. 2단계 차트 분석기 선별된 종목을 차트 분석기에서 상세 분석합니다. 종합 신호가 Buy 이상인지 확인합니다. Squeeze Momentum,"
262,코인분석기 3종,sell,매도,"3종 프로그램 연계 활용법 1단계 바닥권 분석기 바닥권 분석기를 실행하여 과매도 상태의 종목을 발굴합니다. 바닥권 점수 70점 이상인 종목을 리스트업합니다. 극과매도 신호가 나온 종목을 우선 선별합니다. 2단계 차트 분석기 선별된 종목을 차트 분석기에서 상세 분석합니다. 종합 신호가 Buy 이상인지 확인합니다. Squeeze Momentum, Z-Score, RCI 등을 추가 검증합니다. 지지선, 저항선 위치를 파악합니다. 매"
262,코인분석기 3종,sell,매도,"성이 있으므로 ""감당 가능한 금액""만 투자합니다. 손절 라인 설정은 필수입니다. 어떤 분석도 100% 정확하지 않으므로 반드시 손절 계획을 세웁니다. 분할 매수/매도 전략을 권장합니다. 한 번에 전량 매수/매도하지 말고 나누어 진행합니다. 비트코인 방향성을 항상 확인합니다. 알트코인은 비트코인 영향을 크게 받으므로 BTC 차트를 함께 봅니다. 프로그램 사용 환경을 확인합니다. 안정적인 인터넷 연결이 필요합니다. 모바일보다 PC"
262,코인분석기 3종,sell,매도,다. 손절 라인 설정은 필수입니다. 어떤 분석도 100% 정확하지 않으므로 반드시 손절 계획을 세웁니다. 분할 매수/매도 전략을 권장합니다. 한 번에 전량 매수/매도하지 말고 나누어 진행합니다. 비트코인 방향성을 항상 확인합니다. 알트코인은 비트코인 영향을 크게 받으므로 BTC 차트를 함께 봅니다. 프로그램 사용 환경을 확인합니다. 안정적인 인터넷 연결이 필요합니다. 모바일보다 PC 환경에서 더 원활하게 작동합니다. 브라우저는
262,코인분석기 3종,risk,리스크,"가중치는 8%입니다. ATR% (Average True Range Percentage) 현재가 대비 변동성 비율입니다. 변동성이 클수록 단타 수익 기회가 많지만 리스크도 큽니다. 기본 가중치는 7%입니다. 사용 방법 상세 가이드 기본 분석 확인하기 프로그램을 데이터를 가져와 분석을 시작합니다. 로딩 화면에서 마켓 로딩, 분석 진행 상황이 표시됩니다. 분석이 완료되면 30개 코인 카드가 점수 순서대로 정렬됩니다. 상단 신호등"
262,코인분석기 3종,risk,리스크,"상으로, 대부분의 지표가 상승을 예측합니다. 적극적인 매수를 고려합니다. Buy는 종합 점수 60-79점으로, 다수의 지표가 상승을 예측합니다. 매수를 고려하되 리스크 관리에 주의합니다. Neutral은 종합 점수 40-59점으로, 상승과 하락 신호가 혼재합니다. 관망하거나 소량 매매만 합니다. Sell은 종합 점수 20-39점으로, 다수의 지표가 하락을 예측합니다. 매도를 고려하거나 매수를 자제합니다. Strong Sell은"
262,코인분석기 3종,timeframe,타임프레임,"호화폐를 동시에 모니터링 실시간 매매 신호를 제공 하는 프로그램입니다. 10개의 기술적 지표를 종합 분석하여 각 코인별로 매수/매도/관망 신호를 생성합니다. 멀티타임프레임 교차분석 기능을 통해 1분, 3분, 5분, 15분봉의 신호를 동시에 확인할 수 있어 신뢰도 높은 매매 판단이 가능합니다. 화면 구성 설명 신호등 바 (30개 코인) 저작권 경고 아래에 30개의 작은 사각형이 나열되어 있습니다. 이것이 30개 코인의 실시간 신"
262,코인분석기 3종,timeframe,타임프레임,"에 BUY/SELL/NEUTRAL 상태가 표시됩니다. 진입/청산 포인트 섹션에서 추천 매수가, 1차/2차/3차 익절가, 손절가를 확인할 수 있습니다. MTF(멀티타임프레임) 분석 활성화 상단 헤더의 MTF분석 체크박스를 체크하면 멀티타임프레임 분석이 활성화됩니다. 활성화되면 각 코인 카드에 MTF 배지가 추가로 표시됩니다. 상세 모달에서 1분, 3분, 5분, 15분봉 각각의 점수와 신호를 확인할 수 있습니다. MTF 컨센서스"
262,코인분석기 3종,timeframe,타임프레임,"섹션에서 추천 매수가, 1차/2차/3차 익절가, 손절가를 확인할 수 있습니다. MTF(멀티타임프레임) 분석 활성화 상단 헤더의 MTF분석 체크박스를 체크하면 멀티타임프레임 분석이 활성화됩니다. 활성화되면 각 코인 카드에 MTF 배지가 추가로 표시됩니다. 상세 모달에서 1분, 3분, 5분, 15분봉 각각의 점수와 신호를 확인할 수 있습니다. MTF 컨센서스 항목에서 여러 시간대의 합의 신호를 확인합니다. STRONG LONG은"
262,코인분석기 3종,timeframe,타임프레임,"기술적 분석을 제공하는 프로그램입니다. 실시간 캔들 차트, 다양한 보조지표 차트, Squeeze Momentum 분석, Z-Score 퀀트 알고리즘, RCI 멀티타임프레임 분석 등 전문가 수준의 분석 도구를 제공합니다. 단타용 미니맵이 여러 코인을 동시에 모니터링한다면, 차트 분석기는 하나의 코인을 깊이 있게 분석하는 데 특화되어 있습니다. 화면 구성 설명 종합 시그널 패널 5가지 핵심 지표의 개별 신호가 카드 형태로 표시됩니"
262,코인분석기 3종,timeframe,타임프레임,"Lower)은 파란색입니다. 이동평균선이 표시됩니다. EMA 9, EMA 21, SMA 50 등이 색상으로 구분됩니다. 지지선과 저항선이 수평선으로 표시됩니다. 타임프레임 버튼으로 시간대를 변경할 수 있습니다. 1분, 3분, 5분, 15분, 30분, 1시간, 4시간, 일봉을 선택할 수 있습니다. 거래량 차트 메인 차트 아래에 거래량 바 차트가 표시됩니다. 상승 봉은 녹색, 하락 봉은 빨간색으로 표시됩니다. 거래량 급증은 추세"
262,코인분석기 3종,timeframe,타임프레임,"니다. 보조지표 차트들 RSI 차트에 14봉 RSI 값이 라인으로 표시됩니다. 30 이하 과매도 구간과 70 이상 과매수 구간이 색상으로 구분됩니다. RCI 멀티타임프레임 차트에 9일, 26일, 52일 RCI가 동시에 표시됩니다. 단기, 중기, 장기 추세를 한눈에 파악할 수 있습니다. 세 라인이 모두 -80 이하면 강력한 과매도 신호입니다. 세 라인이 모두 +80 이상이면 강력한 과매수 신호입니다. CCI 차트에 20봉 CCI"
262,코인분석기 3종,timeframe,타임프레임,"5는 강한 매도 신호입니다. -0.85 이하는 극강 매도 신호입니다. Z-Score는 추세 추종 지표이므로, 추세가 진행 중일 때 신뢰도가 높습니다. RCI 멀티타임프레임 활용하기 RCI 9일(단기), 26일(중기), 52일(장기) 세 라인을 함께 확인합니다. 세 라인이 모두 -80 이하면 강력한 과매도로, 반등 가능성이 높습니다. 세 라인이 모두 +80 이상이면 강력한 과매수로, 조정 가능성이 높습니다. 단기선이 중기선을 상"
262,코인분석기 3종,indicator,RSI,"ORT/HOLD), 10개 보조지표의 미니 신호등, 점수 바가 한눈에 보입니다. 10개 보조지표 상세 설명 RSI (Relative Strength Index) 14봉 기준 상대강도지수입니다. 30 이하면 과매도로 매수 신호, 70 이상이면 과매수로 매도 신호입니다. 기본 가중치는 15"
262,코인분석기 3종,indicator,RSI,"는 10%입니다. MFI (Money Flow Index) 14봉 기준 자금흐름지수입니다. 거래량을 가중한 RSI라고 생각하면 됩니다. 20 이하면 과매도, 80 이상이면 과매수입니다. 기본 가중치는 12%입니다. BB%B (Bollinger Band %B) 볼린저밴드 내 현재가 위치입"
262,코인분석기 3종,indicator,RSI,"직여 가중치를 조절할 수 있습니다. 본인의 트레이딩 스타일에 맞게 조절하세요. 모멘텀 트레이딩을 선호한다면 RSI, Stochastic 가중치를 높이세요. 거래량 기반 매매를 선호한다면 MFI, OBV 가중치를 높이세요. 추세 추종 매매를 선호한다면 MACD, ADX 가중치를 높이세요."
262,코인분석기 3종,indicator,RSI,"RONG LONG 코인을 선별합니다. 현재가가 볼린저밴드 하단(BB%B 0.2 이하) 근처인지 확인합니다. RSI 30 이하, Stochastic 20 이하가 동시에 나타나면 과매도 반등 가능성이 높습니다. 진입 후 손절 라인은 진입가 대비 -3% ~ -5%로 설정합니다. 익절은 3단계"
262,코인분석기 3종,indicator,RSI,"요? 바닥권 분석기는 거래소의 전체 암호화폐 중에서 과매도 상태에 진입한 종목을 찾아내는 프로그램입니다. RSI, Stochastic RSI, Williams %R, CCI, MFI, 볼린저밴드, ADX 등 7가지 핵심 지표를 분석하여 0-100점 사이의 바닥권 점수를 산출합니다. 점"
262,코인분석기 3종,indicator,RSI,"의 전체 암호화폐 중에서 과매도 상태에 진입한 종목을 찾아내는 프로그램입니다. RSI, Stochastic RSI, Williams %R, CCI, MFI, 볼린저밴드, ADX 등 7가지 핵심 지표를 분석하여 0-100점 사이의 바닥권 점수를 산출합니다. 점수가 높을수록 현재 가격이 바"
262,코인분석기 3종,indicator,RSI,"신을 켜면 5분마다 자동으로 재분석됩니다. 표시 개수(10/30/50/전체), 정렬 기준(바닥권점수/변동률/RSI), 신호 필터(전체/극과매도/강한매수/매수/중립/매도)를 선택할 수 있습니다. 상태바 분석 상태 표시등이 있어 대기/분석중/완료/오류 상태를 색상으로 구분합니다. 마지막 업"
262,코인분석기 3종,indicator,RSI,집니다. 바닥권 점수 산출 로직 상세 총점 100점 만점으로 다음 조건을 충족할 때마다 점수가 가산됩니다. RSI (25점) RSI가 20 미만이면 25점 전체가 부여됩니다. RSI가 20-30이면 20점이 부여됩니다. RSI가 30-40이면 10점이 부여됩니다. Stochastic R
262,코인분석기 3종,indicator,RSI,수 산출 로직 상세 총점 100점 만점으로 다음 조건을 충족할 때마다 점수가 가산됩니다. RSI (25점) RSI가 20 미만이면 25점 전체가 부여됩니다. RSI가 20-30이면 20점이 부여됩니다. RSI가 30-40이면 10점이 부여됩니다. Stochastic RSI (20점) S
262,코인분석기 3종,indicator,RSI,건을 충족할 때마다 점수가 가산됩니다. RSI (25점) RSI가 20 미만이면 25점 전체가 부여됩니다. RSI가 20-30이면 20점이 부여됩니다. RSI가 30-40이면 10점이 부여됩니다. Stochastic RSI (20점) Stochastic RSI K값이 10 미만이면 20
262,코인분석기 3종,indicator,RSI,(25점) RSI가 20 미만이면 25점 전체가 부여됩니다. RSI가 20-30이면 20점이 부여됩니다. RSI가 30-40이면 10점이 부여됩니다. Stochastic RSI (20점) Stochastic RSI K값이 10 미만이면 20점 전체가 부여됩니다. K값이 10-20이면
262,코인분석기 3종,indicator,RSI,SI가 20-30이면 20점이 부여됩니다. RSI가 30-40이면 10점이 부여됩니다. Stochastic RSI (20점) Stochastic RSI K값이 10 미만이면 20점 전체가 부여됩니다. K값이 10-20이면 15점이 부여됩니다. K값이 20-30이면 8점이 부여됩니다. W
262,코인분석기 3종,indicator,RSI,다. RSI가 30-40이면 10점이 부여됩니다. Stochastic RSI (20점) Stochastic RSI K값이 10 미만이면 20점 전체가 부여됩니다. K값이 10-20이면 15점이 부여됩니다. K값이 20-30이면 8점이 부여됩니다. Williams %R (15점) Will
262,코인분석기 3종,indicator,RSI,"반등 가능성이 높기 때문입니다. 신호 분류 기준 극과매도 (EXTREME) 바닥권 점수 80점 이상이거나, RSI 20 미만이면서 MFI도 20 미만일 때 부여됩니다. 여러 지표가 동시에 극단적 과매도를 나타내는 상태입니다. 반등 확률이 매우 높지만 추가 하락 가능성도 있습니다. 분할"
262,코인분석기 3종,indicator,RSI,"모달이 열립니다. 기본 정보 섹션에서 현재가, 변동률, 바닥권 점수, 신호를 확인합니다. 보조지표 섹션에서 RSI, Stochastic RSI K, Williams %R, CCI, MFI, ADX의 정확한 수치를 확인합니다. 각 지표 수치 옆에 색상으로 상태가 표시됩니다. 녹색은 과매도"
262,코인분석기 3종,indicator,RSI,"섹션에서 현재가, 변동률, 바닥권 점수, 신호를 확인합니다. 보조지표 섹션에서 RSI, Stochastic RSI K, Williams %R, CCI, MFI, ADX의 정확한 수치를 확인합니다. 각 지표 수치 옆에 색상으로 상태가 표시됩니다. 녹색은 과매도(매수 유리), 빨간색은 과매"
262,코인분석기 3종,indicator,RSI,가장 많이 하락한 종목 순으로 정렬됩니다. 급락 후 반등을 노리는 전략에 활용할 수 있습니다. 정렬 기준을 RSI로 변경하면 RSI가 가장 낮은 종목 순으로 정렬됩니다. RSI 기반 매매를 선호하는 경우 활용합니다. 자동 갱신 활용하기 자동갱신 버튼을 터치하면 5분마다 자동으로 재분석됩
262,코인분석기 3종,indicator,RSI,종목 순으로 정렬됩니다. 급락 후 반등을 노리는 전략에 활용할 수 있습니다. 정렬 기준을 RSI로 변경하면 RSI가 가장 낮은 종목 순으로 정렬됩니다. RSI 기반 매매를 선호하는 경우 활용합니다. 자동 갱신 활용하기 자동갱신 버튼을 터치하면 5분마다 자동으로 재분석됩니다. 버튼이 자동
262,코인분석기 3종,indicator,RSI,는 전략에 활용할 수 있습니다. 정렬 기준을 RSI로 변경하면 RSI가 가장 낮은 종목 순으로 정렬됩니다. RSI 기반 매매를 선호하는 경우 활용합니다. 자동 갱신 활용하기 자동갱신 버튼을 터치하면 5분마다 자동으로 재분석됩니다. 버튼이 자동갱신: ON (5분)으로 변경됩니다. 새로운
262,코인분석기 3종,indicator,RSI,"터치하면 자동 갱신이 중지됩니다. 실전 매매 전략 기본 전략 바닥권 점수 70점 이상 종목을 선별합니다. RSI 30 이하, Stochastic RSI 20 이하, Williams %R -80 이하가 동시에 충족되는지 확인합니다. 볼린저밴드 하단 이탈 또는 근접 여부를 확인합니다. 2"
262,코인분석기 3종,indicator,RSI,"매매 전략 기본 전략 바닥권 점수 70점 이상 종목을 선별합니다. RSI 30 이하, Stochastic RSI 20 이하, Williams %R -80 이하가 동시에 충족되는지 확인합니다. 볼린저밴드 하단 이탈 또는 근접 여부를 확인합니다. 24시간 변동률이 -10% 이상 급락한 종"
262,코인분석기 3종,indicator,RSI,"5% 하락 시, 3차 매수는 -10% 하락 시로 계획합니다. 익절은 바닥권 점수가 30점 이하로 떨어지거나 RSI가 50 이상으로 회복될 때 합니다. 손절은 바닥권 점수가 계속 상승함에도 가격이 추가 -15% 이상 하락할 때 합니다. 주의사항 바닥권이라고 해서 반드시 반등하는 것은 아닙"
262,코인분석기 3종,indicator,RSI,"(매수), Neutral(중립), Sell(매도), Strong Sell(강력매도)의 5단계로 표시됩니다. RSI 신호는 RSI 지표 기반 신호입니다. MACD 신호는 MACD 크로스 및 히스토그램 기반 신호입니다. Squeeze 신호는 Squeeze Momentum 지표 기반 신호입니"
262,코인분석기 3종,indicator,RSI,"utral(중립), Sell(매도), Strong Sell(강력매도)의 5단계로 표시됩니다. RSI 신호는 RSI 지표 기반 신호입니다. MACD 신호는 MACD 크로스 및 히스토그램 기반 신호입니다. Squeeze 신호는 Squeeze Momentum 지표 기반 신호입니다. Z-Sco"
262,코인분석기 3종,indicator,RSI,"은 녹색, 하락 봉은 빨간색으로 표시됩니다. 거래량 급증은 추세 전환 신호일 수 있습니다. 보조지표 차트들 RSI 차트에 14봉 RSI 값이 라인으로 표시됩니다. 30 이하 과매도 구간과 70 이상 과매수 구간이 색상으로 구분됩니다. RCI 멀티타임프레임 차트에 9일, 26일, 52일"
262,코인분석기 3종,indicator,RSI,"빨간색으로 표시됩니다. 거래량 급증은 추세 전환 신호일 수 있습니다. 보조지표 차트들 RSI 차트에 14봉 RSI 값이 라인으로 표시됩니다. 30 이하 과매도 구간과 70 이상 과매수 구간이 색상으로 구분됩니다. RCI 멀티타임프레임 차트에 9일, 26일, 52일 RCI가 동시에 표시됩"
262,코인분석기 3종,indicator,RSI,"승 시 양수, 하락 시 음수를 나타냅니다. 알람 기능 상세 설정 버튼을 터치하여 알람 설정 패널을 엽니다. RSI 알람 과매도 알람은 RSI가 30 이하로 진입할 때 알림을 받습니다. 과매수 알람은 RSI가 70 이상으로 진입할 때 알림을 받습니다. 평균값 알람은 RSI가 설정한 평균값"
262,코인분석기 3종,indicator,RSI,를 나타냅니다. 알람 기능 상세 설정 버튼을 터치하여 알람 설정 패널을 엽니다. RSI 알람 과매도 알람은 RSI가 30 이하로 진입할 때 알림을 받습니다. 과매수 알람은 RSI가 70 이상으로 진입할 때 알림을 받습니다. 평균값 알람은 RSI가 설정한 평균값을 돌파할 때 알림을 받습니
262,코인분석기 3종,indicator,RSI,패널을 엽니다. RSI 알람 과매도 알람은 RSI가 30 이하로 진입할 때 알림을 받습니다. 과매수 알람은 RSI가 70 이상으로 진입할 때 알림을 받습니다. 평균값 알람은 RSI가 설정한 평균값을 돌파할 때 알림을 받습니다. RCI 알람 과매도 알람은 RCI가 -80 이하로 진입할 때
262,코인분석기 3종,indicator,RSI,입할 때 알림을 받습니다. 과매수 알람은 RSI가 70 이상으로 진입할 때 알림을 받습니다. 평균값 알람은 RSI가 설정한 평균값을 돌파할 때 알림을 받습니다. RCI 알람 과매도 알람은 RCI가 -80 이하로 진입할 때 알림을 받습니다. 과매수 알람은 RCI가 +80 이상으로 진입할
262,코인분석기 3종,indicator,RSI,알람 패널을 엽니다. 원하는 알람 조건의 체크박스를 활성화합니다. 필요 시 임계값을 조정합니다. 예를 들어 RSI 과매도 기준을 30에서 25로 낮출 수 있습니다. 테스트 버튼으로 알람 소리를 확인합니다. 알람 조건 충족 시 화면에 알림이 표시되고 소리가 재생됩니다. 실시간 모니터링 없
262,코인분석기 3종,indicator,RSI,치지 않을 수 있습니다. 실전 매매 전략 기본 전략 종합 신호 Strong Buy 또는 Buy 확인합니다. RSI 30-40 구간에서 상승 전환 확인합니다. Squeeze OFF + 양수 모멘텀 증가 확인합니다. Z-Score +0.5 이상 확인합니다. RCI 단기선 -80 이하에서 상
262,코인분석기 3종,indicator,RSI,iddle)을 1차 익절 목표로 설정합니다. 볼린저밴드 상단선(Upper)을 2차 익절 목표로 설정합니다. RSI 70 이상 또는 RCI +80 이상 도달 시 전량 청산합니다. 손절은 진입가 대비 -3% 또는 볼린저밴드 하단 이탈 시 실행합니다. 주의사항 여러 지표를 종합적으로 판단해야
262,코인분석기 3종,indicator,MACD,"이하면 하단 근처로 매수 구간, 0.8 이상이면 상단 근처로 매도 구간입니다. 기본 가중치는 10%입니다. MACD Histogram MACD 히스토그램의 방향 전환을 감지합니다. 음수에서 양수로 전환 시 매수 신호, 양수에서 음수로 전환 시 매도 신호입니다. 기본 가중치는 8%입니다."
262,코인분석기 3종,indicator,MACD,"간, 0.8 이상이면 상단 근처로 매도 구간입니다. 기본 가중치는 10%입니다. MACD Histogram MACD 히스토그램의 방향 전환을 감지합니다. 음수에서 양수로 전환 시 매수 신호, 양수에서 음수로 전환 시 매도 신호입니다. 기본 가중치는 8%입니다. ADX (Average D"
262,코인분석기 3종,indicator,MACD,"높이세요. 거래량 기반 매매를 선호한다면 MFI, OBV 가중치를 높이세요. 추세 추종 매매를 선호한다면 MACD, ADX 가중치를 높이세요. 설정을 변경한 후 저장 버튼을 터치하면 브라우저에 저장됩니다. 초기화 버튼을 터치하면 기본 가중치로 돌아갑니다. 수익률 추적 기능 사용하기 코"
262,코인분석기 3종,indicator,MACD,"도), Strong Sell(강력매도)의 5단계로 표시됩니다. RSI 신호는 RSI 지표 기반 신호입니다. MACD 신호는 MACD 크로스 및 히스토그램 기반 신호입니다. Squeeze 신호는 Squeeze Momentum 지표 기반 신호입니다. Z-Score 신호는 MINJINE 독점"
262,코인분석기 3종,indicator,MACD,g Sell(강력매도)의 5단계로 표시됩니다. RSI 신호는 RSI 지표 기반 신호입니다. MACD 신호는 MACD 크로스 및 히스토그램 기반 신호입니다. Squeeze 신호는 Squeeze Momentum 지표 기반 신호입니다. Z-Score 신호는 MINJINE 독점 퀀트 알고리즘
262,코인분석기 3종,indicator,MACD,이하로 진입할 때 알림을 받습니다. 과매수 알람은 CCI가 +100 이상으로 진입할 때 알림을 받습니다. MACD 알람 골든크로스 알람은 MACD 히스토그램이 음수에서 양수로 전환할 때 알림을 받습니다. 데드크로스 알람은 MACD 히스토그램이 양수에서 음수로 전환할 때 알림을 받습니다
262,코인분석기 3종,indicator,MACD,다. 과매수 알람은 CCI가 +100 이상으로 진입할 때 알림을 받습니다. MACD 알람 골든크로스 알람은 MACD 히스토그램이 음수에서 양수로 전환할 때 알림을 받습니다. 데드크로스 알람은 MACD 히스토그램이 양수에서 음수로 전환할 때 알림을 받습니다. Squeeze 알람 상승 돌파
262,코인분석기 3종,indicator,MACD,알람 골든크로스 알람은 MACD 히스토그램이 음수에서 양수로 전환할 때 알림을 받습니다. 데드크로스 알람은 MACD 히스토그램이 양수에서 음수로 전환할 때 알림을 받습니다. Squeeze 알람 상승 돌파 알람은 Squeeze OFF + 양수 모멘텀일 때 알림을 받습니다. 하락 돌파 알람
262,코인분석기 3종,indicator,RCI,"간 캔들 차트, 다양한 보조지표 차트, Squeeze Momentum 분석, Z-Score 퀀트 알고리즘, RCI 멀티타임프레임 분석 등 전문가 수준의 분석 도구를 제공합니다. 단타용 미니맵이 여러 코인을 동시에 모니터링한다면, 차트 분석기는 하나의 코인을 깊이 있게 분석하는 데 특화되"
262,코인분석기 3종,indicator,RCI,"RSI 값이 라인으로 표시됩니다. 30 이하 과매도 구간과 70 이상 과매수 구간이 색상으로 구분됩니다. RCI 멀티타임프레임 차트에 9일, 26일, 52일 RCI가 동시에 표시됩니다. 단기, 중기, 장기 추세를 한눈에 파악할 수 있습니다. 세 라인이 모두 -80 이하면 강력한 과매도"
262,코인분석기 3종,indicator,RCI,"구간과 70 이상 과매수 구간이 색상으로 구분됩니다. RCI 멀티타임프레임 차트에 9일, 26일, 52일 RCI가 동시에 표시됩니다. 단기, 중기, 장기 추세를 한눈에 파악할 수 있습니다. 세 라인이 모두 -80 이하면 강력한 과매도 신호입니다. 세 라인이 모두 +80 이상이면 강력한"
262,코인분석기 3종,indicator,RCI,이상으로 진입할 때 알림을 받습니다. 평균값 알람은 RSI가 설정한 평균값을 돌파할 때 알림을 받습니다. RCI 알람 과매도 알람은 RCI가 -80 이하로 진입할 때 알림을 받습니다. 과매수 알람은 RCI가 +80 이상으로 진입할 때 알림을 받습니다. CCI 알람 과매도 알람은 CCI
262,코인분석기 3종,indicator,RCI,받습니다. 평균값 알람은 RSI가 설정한 평균값을 돌파할 때 알림을 받습니다. RCI 알람 과매도 알람은 RCI가 -80 이하로 진입할 때 알림을 받습니다. 과매수 알람은 RCI가 +80 이상으로 진입할 때 알림을 받습니다. CCI 알람 과매도 알람은 CCI가 -100 이하로 진입할
262,코인분석기 3종,indicator,RCI,을 받습니다. RCI 알람 과매도 알람은 RCI가 -80 이하로 진입할 때 알림을 받습니다. 과매수 알람은 RCI가 +80 이상으로 진입할 때 알림을 받습니다. CCI 알람 과매도 알람은 CCI가 -100 이하로 진입할 때 알림을 받습니다. 과매수 알람은 CCI가 +100 이상으로 진입
262,코인분석기 3종,indicator,RCI,"는 극강 매도 신호입니다. Z-Score는 추세 추종 지표이므로, 추세가 진행 중일 때 신뢰도가 높습니다. RCI 멀티타임프레임 활용하기 RCI 9일(단기), 26일(중기), 52일(장기) 세 라인을 함께 확인합니다. 세 라인이 모두 -80 이하면 강력한 과매도로, 반등 가능성이 높습니"
262,코인분석기 3종,indicator,RCI,"Score는 추세 추종 지표이므로, 추세가 진행 중일 때 신뢰도가 높습니다. RCI 멀티타임프레임 활용하기 RCI 9일(단기), 26일(중기), 52일(장기) 세 라인을 함께 확인합니다. 세 라인이 모두 -80 이하면 강력한 과매도로, 반등 가능성이 높습니다. 세 라인이 모두 +80 이"
262,코인분석기 3종,indicator,RCI,인합니다. Squeeze OFF + 양수 모멘텀 증가 확인합니다. Z-Score +0.5 이상 확인합니다. RCI 단기선 -80 이하에서 상승 전환 확인합니다. 위 조건 중 3개 이상 충족 시 매수를 고려합니다. 볼린저밴드 중간선(Middle)을 1차 익절 목표로 설정합니다. 볼린저밴드
262,코인분석기 3종,indicator,RCI,목표로 설정합니다. 볼린저밴드 상단선(Upper)을 2차 익절 목표로 설정합니다. RSI 70 이상 또는 RCI +80 이상 도달 시 전량 청산합니다. 손절은 진입가 대비 -3% 또는 볼린저밴드 하단 이탈 시 실행합니다. 주의사항 여러 지표를 종합적으로 판단해야 합니다. 단일 지표만으
262,코인분석기 3종,indicator,RCI,"상세 분석합니다. 종합 신호가 Buy 이상인지 확인합니다. Squeeze Momentum, Z-Score, RCI 등을 추가 검증합니다. 지지선, 저항선 위치를 파악합니다. 매수가, 익절가, 손절가를 사전에 계획합니다. 3단계 단타용 미니맵 최종 선별된 종목을 단타용 미니맵에서 실시간"
262,코인분석기 3종,indicator,CCI,"스토캐스틱 %K 값입니다. 20 이하면 과매도, 80 이상이면 과매수입니다. 기본 가중치는 12%입니다. CCI (Commodity Channel Index) 20봉 기준 상품채널지수입니다. -100 이하면 과매도, +100 이상이면 과매수입니다. 기본 가중치는 10%입니다. Will"
262,코인분석기 3종,indicator,CCI,"상태에 진입한 종목을 찾아내는 프로그램입니다. RSI, Stochastic RSI, Williams %R, CCI, MFI, 볼린저밴드, ADX 등 7가지 핵심 지표를 분석하여 0-100점 사이의 바닥권 점수를 산출합니다. 점수가 높을수록 현재 가격이 바닥권에 가깝다는 의미이며, 반등"
262,코인분석기 3종,indicator,CCI,가 부여됩니다. -80에서 -90 사이면 12점이 부여됩니다. -70에서 -80 사이면 6점이 부여됩니다. CCI (15점) CCI가 -200 미만이면 15점 전체가 부여됩니다. -100에서 -200 사이면 12점이 부여됩니다. -50에서 -100 사이면 6점이 부여됩니다. MFI (1
262,코인분석기 3종,indicator,CCI,80에서 -90 사이면 12점이 부여됩니다. -70에서 -80 사이면 6점이 부여됩니다. CCI (15점) CCI가 -200 미만이면 15점 전체가 부여됩니다. -100에서 -200 사이면 12점이 부여됩니다. -50에서 -100 사이면 6점이 부여됩니다. MFI (15점) MFI가 1
262,코인분석기 3종,indicator,CCI,"수, 신호를 확인합니다. 보조지표 섹션에서 RSI, Stochastic RSI K, Williams %R, CCI, MFI, ADX의 정확한 수치를 확인합니다. 각 지표 수치 옆에 색상으로 상태가 표시됩니다. 녹색은 과매도(매수 유리), 빨간색은 과매수(매도 유리), 노란색은 중립입니다"
262,코인분석기 3종,indicator,CCI,모두 -80 이하면 강력한 과매도 신호입니다. 세 라인이 모두 +80 이상이면 강력한 과매수 신호입니다. CCI 차트에 20봉 CCI 값이 라인으로 표시됩니다. -100 이하와 +100 이상 영역이 색상으로 구분됩니다. Stochastic 차트에 %K와 %D 라인이 함께 표시됩니다.
262,코인분석기 3종,indicator,CCI,강력한 과매도 신호입니다. 세 라인이 모두 +80 이상이면 강력한 과매수 신호입니다. CCI 차트에 20봉 CCI 값이 라인으로 표시됩니다. -100 이하와 +100 이상 영역이 색상으로 구분됩니다. Stochastic 차트에 %K와 %D 라인이 함께 표시됩니다. %K가 %D를 상향 돌
262,코인분석기 3종,indicator,CCI,0 이하로 진입할 때 알림을 받습니다. 과매수 알람은 RCI가 +80 이상으로 진입할 때 알림을 받습니다. CCI 알람 과매도 알람은 CCI가 -100 이하로 진입할 때 알림을 받습니다. 과매수 알람은 CCI가 +100 이상으로 진입할 때 알림을 받습니다. MACD 알람 골든크로스 알람
262,코인분석기 3종,indicator,CCI,받습니다. 과매수 알람은 RCI가 +80 이상으로 진입할 때 알림을 받습니다. CCI 알람 과매도 알람은 CCI가 -100 이하로 진입할 때 알림을 받습니다. 과매수 알람은 CCI가 +100 이상으로 진입할 때 알림을 받습니다. MACD 알람 골든크로스 알람은 MACD 히스토그램이 음
262,코인분석기 3종,indicator,CCI,받습니다. CCI 알람 과매도 알람은 CCI가 -100 이하로 진입할 때 알림을 받습니다. 과매수 알람은 CCI가 +100 이상으로 진입할 때 알림을 받습니다. MACD 알람 골든크로스 알람은 MACD 히스토그램이 음수에서 양수로 전환할 때 알림을 받습니다. 데드크로스 알람은 MACD
262,코인분석기 3종,indicator,OBV,"추세가 약해 횡보 구간, 25 이상이면 추세가 강해 방향성 매매가 유리합니다. 기본 가중치는 8%입니다. OBV (On Balance Volume) 거래량 누적 추세의 기울기입니다. 양의 기울기면 매집 진행 중, 음의 기울기면 분산 진행 중입니다. 기본 가중치는 8%입니다. ATR%"
262,코인분석기 3종,indicator,OBV,"레이딩을 선호한다면 RSI, Stochastic 가중치를 높이세요. 거래량 기반 매매를 선호한다면 MFI, OBV 가중치를 높이세요. 추세 추종 매매를 선호한다면 MACD, ADX 가중치를 높이세요. 설정을 변경한 후 저장 버튼을 터치하면 브라우저에 저장됩니다. 초기화 버튼을 터치하면"
262,코인분석기 3종,indicator,EMA,")은 빨간색, 중간선(Middle)은 노란색, 하단선(Lower)은 파란색입니다. 이동평균선이 표시됩니다. EMA 9, EMA 21, SMA 50 등이 색상으로 구분됩니다. 지지선과 저항선이 수평선으로 표시됩니다. 타임프레임 버튼으로 시간대를 변경할 수 있습니다. 1분, 3분, 5분,"
262,코인분석기 3종,indicator,EMA,"중간선(Middle)은 노란색, 하단선(Lower)은 파란색입니다. 이동평균선이 표시됩니다. EMA 9, EMA 21, SMA 50 등이 색상으로 구분됩니다. 지지선과 저항선이 수평선으로 표시됩니다. 타임프레임 버튼으로 시간대를 변경할 수 있습니다. 1분, 3분, 5분, 15분, 30"
262,코인분석기 3종,indicator,SMA,"dle)은 노란색, 하단선(Lower)은 파란색입니다. 이동평균선이 표시됩니다. EMA 9, EMA 21, SMA 50 등이 색상으로 구분됩니다. 지지선과 저항선이 수평선으로 표시됩니다. 타임프레임 버튼으로 시간대를 변경할 수 있습니다. 1분, 3분, 5분, 15분, 30분, 1시간,"
263,코인분석기 3종 프로그램 사용가이드,score,점수,"TRACK 기능으로 추적 중인 코인의 실시간 수익률을 표시합니다 BTC 현황바 비트코인의 현재가와 24시간 변동률을 표시합니다 코인 그리드 30개 코인 카드가 점수순으로 배열되어 있습니다 10개 보조지표 설명 RSI 14봉 상대강도지수. 30 이하 과매도, 70 이상 과매수 가중치 15% Stochastic 스토캐스틱 %K. 20 이하 과매도, 80 이상 과매수 가중치 12% CCI 상품채널지수. -100 이하 과매도, +1"
263,코인분석기 3종 프로그램 사용가이드,score,점수,강추세 가중치 8% OBV 거래량 누적 추세. 양의 기울기면 매집 진행 가중치 8% ATR% 변동성 비율. 높을수록 단타 기회 많음 가중치 7% 신호 해석 방법 점수 신호 의미 70점 이상 LONG 강력 매수 신호 55~69점 LONG 매수 관심 구간 46~54점 HOLD 관망 31~45점 SHORT 매도 관심 구간 30점 이하 SHORT 강력 매도 신호 사용 방법 1 프로그램 실행 HTML 파일을 열면 자동으로 빗썸 API에
263,코인분석기 3종 프로그램 사용가이드,score,점수,"분/15분봉 교차분석이 활성화됩니다. 5 수익률 추적 상세 모달에서 TRACK 시작 버튼을 터치하면 해당 코인의 수익률을 실시간 추적합니다. 실전 매매 팁 종합 점수 70점 이상 + LONG 신호 + MTF 컨센서스 STRONG LONG인 코인을 우선 선별하세요. 손절은 진입가 대비 -3%~-5%로 설정하고, 익절은 +5%, +10%, +15%에서 분할 청산합니다. 2 바닥권 분석기 Quantum Alpha Analyzer P"
263,코인분석기 3종 프로그램 사용가이드,score,점수,"은 무엇인가요? 빗썸 거래소의 전체 암호화폐 중에서 과매도 상태에 진입한 종목을 찾아내는 프로그램입니다. 7가지 핵심 지표를 분석하여 0~100점 사이의 바닥권 점수를 산출합니다. 점수가 높을수록 현재 가격이 바닥권에 가깝다는 의미이며, 반등 가능성이 높습니다. 바닥권 점수 산출 기준 지표 조건 배점 RSI 20 미만 25점 Stochastic RSI K값 10 미만 20점 Williams %R -90 미만 15점 CCI -2"
263,코인분석기 3종 프로그램 사용가이드,score,점수,"거래소의 전체 암호화폐 중에서 과매도 상태에 진입한 종목을 찾아내는 프로그램입니다. 7가지 핵심 지표를 분석하여 0~100점 사이의 바닥권 점수를 산출합니다. 점수가 높을수록 현재 가격이 바닥권에 가깝다는 의미이며, 반등 가능성이 높습니다. 바닥권 점수 산출 기준 지표 조건 배점 RSI 20 미만 25점 Stochastic RSI K값 10 미만 20점 Williams %R -90 미만 15점 CCI -200 미만 15점 M"
263,코인분석기 3종 프로그램 사용가이드,score,점수,"지 핵심 지표를 분석하여 0~100점 사이의 바닥권 점수를 산출합니다. 점수가 높을수록 현재 가격이 바닥권에 가깝다는 의미이며, 반등 가능성이 높습니다. 바닥권 점수 산출 기준 지표 조건 배점 RSI 20 미만 25점 Stochastic RSI K값 10 미만 20점 Williams %R -90 미만 15점 CCI -200 미만 15점 MFI 10 미만 15점 볼린저밴드 하단 2% 이내 5점 ADX 20 미만(약추세) 5점 신"
263,코인분석기 3종 프로그램 사용가이드,score,점수,"분석 코인 개수(상위 50~100개 권장)를 선택합니다. 2 분석 시작 분석 시작 버튼을 터치합니다. 코인 수에 따라 1~5분 소요됩니다. 3 결과 확인 바닥권 점수 순으로 정렬된 결과를 확인합니다. 상단 통계에서 극과매도 코인 수를 파악합니다. 4 상세 분석 카드를 터치하면 RSI, Stochastic RSI, Williams %R, CCI, MFI, ADX, 볼린저밴드 상세 수치를 확인할 수 있습니다. 5 자동 갱신 자동갱"
263,코인분석기 3종 프로그램 사용가이드,score,점수,"CCI, MFI, ADX, 볼린저밴드 상세 수치를 확인할 수 있습니다. 5 자동 갱신 자동갱신 버튼을 켜면 5분마다 자동으로 재분석됩니다. 실전 매매 팁 바닥권 점수 70점 이상 + RSI 30 이하 + Stochastic RSI 20 이하가 동시에 충족되는 종목을 우선 선별하세요. 분할 매수 전략을 권장합니다. 1차 현재가, 2차 -5%, 3차 -10% 하락 시 추가 매수합니다. 3 차트 분석기 v3.0 PRO MAX 이 프"
263,코인분석기 3종 프로그램 사용가이드,score,점수,"표시. 세 라인 모두 -80 이하면 강력 과매도 알람 기능 RSI/RCI/CCI 과매도·과매수, MACD 크로스, Squeeze 돌파 알람 지원 종합 신호 해석 점수 신호 의미 80점 이상 Strong Buy 대부분의 지표가 상승 예측. 적극 매수 60~79점 Buy 다수 지표가 상승 예측. 매수 고려 40~59점 Neutral 신호 혼재. 관망 또는 소량 매매 20~39점 Sell 다수 지표가 하락 예측. 매도 고려 20점"
263,코인분석기 3종 프로그램 사용가이드,score,점수,", 상단선을 2차 익절 목표로 설정하세요. 3종 프로그램 연계 활용법 최적의 매매 워크플로우 🔍 1단계: 바닥권 분석기 과매도 상태의 종목을 발굴합니다. 바닥권 점수 70점 이상 종목을 리스트업하세요. ↓ 📊 2단계: 차트 분석기 선별된 종목을 상세 분석합니다. 종합 신호, Squeeze, Z-Score를 추가 검증하세요. ↓ ⚡ 3단계: 단타용 미니맵 최종 선별 종목을 실시간 모니터링합니다. 70점 이상 + LONG 신호 발"
263,코인분석기 3종 프로그램 사용가이드,accumulation,매집,"MACD 히스토그램 방향 전환 감지 가중치 8% ADX 추세 강도. 25 이하 약추세, 25 이상 강추세 가중치 8% OBV 거래량 누적 추세. 양의 기울기면 매집 진행 가중치 8% ATR% 변동성 비율. 높을수록 단타 기회 많음 가중치 7% 신호 해석 방법 점수 신호 의미 70점 이상 LONG 강력 매수 신호 55~69점 LONG 매수 관심 구간 46~54점 HOLD 관망 31~45점 SHORT 매도 관심 구간 30점 이하"
263,코인분석기 3종 프로그램 사용가이드,buy,매수,암호화폐 분석 프로그램 3종을 소개합니다. 빗썸 거래소 데이터를 기반으로 실시간 기술적 분석을 제공합니다. 단타용 미니맵 빠른 매매 타이밍 바닥권 분석기 저점 매수 기회 차트 분석기 심층 기술 분석 1 단타용 미니맵 v5.1 이 프로그램은 무엇인가요? 빗썸 거래소의 상위 30개 암호화폐를 동시에 모니터링하면서 실시간 매매 신호를 제공하는 프로그램입니다. 10개의 기술적 지표를 종합 분석하여 각 코인별로 매수/매도/관망 신호를
263,코인분석기 3종 프로그램 사용가이드,buy,매수,"가요? 빗썸 거래소의 상위 30개 암호화폐를 동시에 모니터링하면서 실시간 매매 신호를 제공하는 프로그램입니다. 10개의 기술적 지표를 종합 분석하여 각 코인별로 매수/매도/관망 신호를 생성합니다. 멀티타임프레임 교차분석 기능을 통해 1분, 3분, 5분, 15분봉의 신호를 동시에 확인할 수 있습니다. 화면 구성 신호등 바 30개 코인의 실시간 신호를 색상으로 표시합니다. 녹색=매수, 빨간색=매도, 노란색=관망 수익률 추적바 TR"
263,코인분석기 3종 프로그램 사용가이드,buy,매수,"석 기능을 통해 1분, 3분, 5분, 15분봉의 신호를 동시에 확인할 수 있습니다. 화면 구성 신호등 바 30개 코인의 실시간 신호를 색상으로 표시합니다. 녹색=매수, 빨간색=매도, 노란색=관망 수익률 추적바 TRACK 기능으로 추적 중인 코인의 실시간 수익률을 표시합니다 BTC 현황바 비트코인의 현재가와 24시간 변동률을 표시합니다 코인 그리드 30개 코인 카드가 점수순으로 배열되어 있습니다 10개 보조지표 설명 RSI 14"
263,코인분석기 3종 프로그램 사용가이드,buy,매수,"동률을 표시합니다 코인 그리드 30개 코인 카드가 점수순으로 배열되어 있습니다 10개 보조지표 설명 RSI 14봉 상대강도지수. 30 이하 과매도, 70 이상 과매수 가중치 15% Stochastic 스토캐스틱 %K. 20 이하 과매도, 80 이상 과매수 가중치 12% CCI 상품채널지수. -100 이하 과매도, +100 이상 과매수 가중치 10% Williams %R 윌리엄스 %R. -80 이하 과매도, -20 이상 과매수"
263,코인분석기 3종 프로그램 사용가이드,buy,매수,"지표 설명 RSI 14봉 상대강도지수. 30 이하 과매도, 70 이상 과매수 가중치 15% Stochastic 스토캐스틱 %K. 20 이하 과매도, 80 이상 과매수 가중치 12% CCI 상품채널지수. -100 이하 과매도, +100 이상 과매수 가중치 10% Williams %R 윌리엄스 %R. -80 이하 과매도, -20 이상 과매수 가중치 10% MFI 자금흐름지수. 거래량 가중 RSI. 20 이하 과매도 가중치 12%"
263,코인분석기 3종 프로그램 사용가이드,buy,매수,"치 15% Stochastic 스토캐스틱 %K. 20 이하 과매도, 80 이상 과매수 가중치 12% CCI 상품채널지수. -100 이하 과매도, +100 이상 과매수 가중치 10% Williams %R 윌리엄스 %R. -80 이하 과매도, -20 이상 과매수 가중치 10% MFI 자금흐름지수. 거래량 가중 RSI. 20 이하 과매도 가중치 12% BB%B 볼린저밴드 위치. 0.2 이하 하단, 0.8 이상 상단 가중치 10% M"
263,코인분석기 3종 프로그램 사용가이드,buy,매수,"12% CCI 상품채널지수. -100 이하 과매도, +100 이상 과매수 가중치 10% Williams %R 윌리엄스 %R. -80 이하 과매도, -20 이상 과매수 가중치 10% MFI 자금흐름지수. 거래량 가중 RSI. 20 이하 과매도 가중치 12% BB%B 볼린저밴드 위치. 0.2 이하 하단, 0.8 이상 상단 가중치 10% MACD MACD 히스토그램 방향 전환 감지 가중치 8% ADX 추세 강도. 25 이하 약추세,"
263,코인분석기 3종 프로그램 사용가이드,buy,매수,. 양의 기울기면 매집 진행 가중치 8% ATR% 변동성 비율. 높을수록 단타 기회 많음 가중치 7% 신호 해석 방법 점수 신호 의미 70점 이상 LONG 강력 매수 신호 55~69점 LONG 매수 관심 구간 46~54점 HOLD 관망 31~45점 SHORT 매도 관심 구간 30점 이하 SHORT 강력 매도 신호 사용 방법 1 프로그램 실행 HTML 파일을 열면 자동으로 빗썸 API에서 데이터를 가져와 분석을 시작합니다. 2
263,코인분석기 3종 프로그램 사용가이드,buy,매수,치 8% ATR% 변동성 비율. 높을수록 단타 기회 많음 가중치 7% 신호 해석 방법 점수 신호 의미 70점 이상 LONG 강력 매수 신호 55~69점 LONG 매수 관심 구간 46~54점 HOLD 관망 31~45점 SHORT 매도 관심 구간 30점 이하 SHORT 강력 매도 신호 사용 방법 1 프로그램 실행 HTML 파일을 열면 자동으로 빗썸 API에서 데이터를 가져와 분석을 시작합니다. 2 신호등 바 확인 상단 30개 신호
263,코인분석기 3종 프로그램 사용가이드,buy,매수,볼린저밴드 하단 2% 이내 5점 ADX 20 미만(약추세) 5점 신호 분류 극과매도 80점 이상. 여러 지표가 동시에 극단적 과매도. 반등 확률 매우 높음 강한매수 60~79점. 과매도 신호 다수 발생. 적극적인 매수 고려 매수 40~59점. 일부 지표에서 과매도 신호. 관심 종목으로 등록 중립 20~39점. 바닥권이라 판단하기 어려움. 추가 하락 대기 매도 20점 미만. 과매도 구간 아님. 조정 가능성 사용 방법 1 분석
263,코인분석기 3종 프로그램 사용가이드,buy,매수,추세) 5점 신호 분류 극과매도 80점 이상. 여러 지표가 동시에 극단적 과매도. 반등 확률 매우 높음 강한매수 60~79점. 과매도 신호 다수 발생. 적극적인 매수 고려 매수 40~59점. 일부 지표에서 과매도 신호. 관심 종목으로 등록 중립 20~39점. 바닥권이라 판단하기 어려움. 추가 하락 대기 매도 20점 미만. 과매도 구간 아님. 조정 가능성 사용 방법 1 분석 설정 시간대(30분봉 이상 권장)와 분석 코인 개수(상
263,코인분석기 3종 프로그램 사용가이드,buy,매수,신호 분류 극과매도 80점 이상. 여러 지표가 동시에 극단적 과매도. 반등 확률 매우 높음 강한매수 60~79점. 과매도 신호 다수 발생. 적극적인 매수 고려 매수 40~59점. 일부 지표에서 과매도 신호. 관심 종목으로 등록 중립 20~39점. 바닥권이라 판단하기 어려움. 추가 하락 대기 매도 20점 미만. 과매도 구간 아님. 조정 가능성 사용 방법 1 분석 설정 시간대(30분봉 이상 권장)와 분석 코인 개수(상위 50~1
263,코인분석기 3종 프로그램 사용가이드,buy,매수,"석됩니다. 실전 매매 팁 바닥권 점수 70점 이상 + RSI 30 이하 + Stochastic RSI 20 이하가 동시에 충족되는 종목을 우선 선별하세요. 분할 매수 전략을 권장합니다. 1차 현재가, 2차 -5%, 3차 -10% 하락 시 추가 매수합니다. 3 차트 분석기 v3.0 PRO MAX 이 프로그램은 무엇인가요? 개별 암호화폐에 대해 심층적인 기술적 분석을 제공하는 프로그램입니다. 실시간 캔들 차트, Squeeze Mo"
263,코인분석기 3종 프로그램 사용가이드,buy,매수,"hastic RSI 20 이하가 동시에 충족되는 종목을 우선 선별하세요. 분할 매수 전략을 권장합니다. 1차 현재가, 2차 -5%, 3차 -10% 하락 시 추가 매수합니다. 3 차트 분석기 v3.0 PRO MAX 이 프로그램은 무엇인가요? 개별 암호화폐에 대해 심층적인 기술적 분석을 제공하는 프로그램입니다. 실시간 캔들 차트, Squeeze Momentum 분석, Z-Score 퀀트 알고리즘, RCI 멀티타임프레임 분석 등 전"
263,코인분석기 3종 프로그램 사용가이드,buy,매수,"OFF + 양수 모멘텀 = 강력 상승 신호 Z-Score 퀀트 MINJINE 독점 알고리즘. VWAP 편차, 거래량 비율, ATR 변동성 종합. +0.5 이상 매수 신호 RCI 멀티타임 9일/26일/52일 RCI 동시 표시. 세 라인 모두 -80 이하면 강력 과매도 알람 기능 RSI/RCI/CCI 과매도·과매수, MACD 크로스, Squeeze 돌파 알람 지원 종합 신호 해석 점수 신호 의미 80점 이상 Strong Buy"
263,코인분석기 3종 프로그램 사용가이드,buy,매수,"0.5 이상 매수 신호 RCI 멀티타임 9일/26일/52일 RCI 동시 표시. 세 라인 모두 -80 이하면 강력 과매도 알람 기능 RSI/RCI/CCI 과매도·과매수, MACD 크로스, Squeeze 돌파 알람 지원 종합 신호 해석 점수 신호 의미 80점 이상 Strong Buy 대부분의 지표가 상승 예측. 적극 매수 60~79점 Buy 다수 지표가 상승 예측. 매수 고려 40~59점 Neutral 신호 혼재. 관망 또는 소량"
263,코인분석기 3종 프로그램 사용가이드,buy,매수,"매도·과매수, MACD 크로스, Squeeze 돌파 알람 지원 종합 신호 해석 점수 신호 의미 80점 이상 Strong Buy 대부분의 지표가 상승 예측. 적극 매수 60~79점 Buy 다수 지표가 상승 예측. 매수 고려 40~59점 Neutral 신호 혼재. 관망 또는 소량 매매 20~39점 Sell 다수 지표가 하락 예측. 매도 고려 20점 미만 Strong Sell 대부분의 지표가 하락 예측. 적극 매도 사용 방법 1 코"
263,코인분석기 3종 프로그램 사용가이드,buy,매수,알람 지원 종합 신호 해석 점수 신호 의미 80점 이상 Strong Buy 대부분의 지표가 상승 예측. 적극 매수 60~79점 Buy 다수 지표가 상승 예측. 매수 고려 40~59점 Neutral 신호 혼재. 관망 또는 소량 매매 20~39점 Sell 다수 지표가 하락 예측. 매도 고려 20점 미만 Strong Sell 대부분의 지표가 하락 예측. 적극 매도 사용 방법 1 코인 검색 검색창에 코인명(비트코인) 또는 심볼(BT
263,코인분석기 3종 프로그램 사용가이드,buy,매수,"실전 매매 팁 종합 신호 Buy 이상 + RSI 30~40 구간 상승 전환 + Squeeze OFF + 양수 모멘텀 + Z-Score +0.5 이상이면 강력한 매수 타이밍입니다. 볼린저밴드 중간선을 1차 익절, 상단선을 2차 익절 목표로 설정하세요. 3종 프로그램 연계 활용법 최적의 매매 워크플로우 🔍 1단계: 바닥권 분석기 과매도 상태의 종목을 발굴합니다. 바닥권 점수 70점 이상 종목을 리스트업하세요. ↓ 📊 2단계: 차"
263,코인분석기 3종 프로그램 사용가이드,buy,매수,손실 가능성이 있으므로 감당 가능한 금액만 투자하세요. 손절 라인 설정은 필수입니다. 어떤 분석도 100% 정확하지 않으므로 반드시 손절 계획을 세우세요. 분할 매수/매도 전략을 권장합니다. 한 번에 전량 매수/매도하지 말고 나누어 진행하세요. 비트코인 방향성을 항상 확인하세요. 알트코인은 비트코인 영향을 크게 받습니다. YouTube @코인파밍 TikTok @jjinbbin Instagram @coin.ming Threads
263,코인분석기 3종 프로그램 사용가이드,buy,매수,자하세요. 손절 라인 설정은 필수입니다. 어떤 분석도 100% 정확하지 않으므로 반드시 손절 계획을 세우세요. 분할 매수/매도 전략을 권장합니다. 한 번에 전량 매수/매도하지 말고 나누어 진행하세요. 비트코인 방향성을 항상 확인하세요. 알트코인은 비트코인 영향을 크게 받습니다. YouTube @코인파밍 TikTok @jjinbbin Instagram @coin.ming Threads @minjinehot Telegram @co
263,코인분석기 3종 프로그램 사용가이드,sell,매도,"빗썸 거래소의 상위 30개 암호화폐를 동시에 모니터링하면서 실시간 매매 신호를 제공하는 프로그램입니다. 10개의 기술적 지표를 종합 분석하여 각 코인별로 매수/매도/관망 신호를 생성합니다. 멀티타임프레임 교차분석 기능을 통해 1분, 3분, 5분, 15분봉의 신호를 동시에 확인할 수 있습니다. 화면 구성 신호등 바 30개 코인의 실시간 신호를 색상으로 표시합니다. 녹색=매수, 빨간색=매도, 노란색=관망 수익률 추적바 TRACK"
263,코인분석기 3종 프로그램 사용가이드,sell,매도,"1분, 3분, 5분, 15분봉의 신호를 동시에 확인할 수 있습니다. 화면 구성 신호등 바 30개 코인의 실시간 신호를 색상으로 표시합니다. 녹색=매수, 빨간색=매도, 노란색=관망 수익률 추적바 TRACK 기능으로 추적 중인 코인의 실시간 수익률을 표시합니다 BTC 현황바 비트코인의 현재가와 24시간 변동률을 표시합니다 코인 그리드 30개 코인 카드가 점수순으로 배열되어 있습니다 10개 보조지표 설명 RSI 14봉 상대강도지수"
263,코인분석기 3종 프로그램 사용가이드,sell,매도,"현재가와 24시간 변동률을 표시합니다 코인 그리드 30개 코인 카드가 점수순으로 배열되어 있습니다 10개 보조지표 설명 RSI 14봉 상대강도지수. 30 이하 과매도, 70 이상 과매수 가중치 15% Stochastic 스토캐스틱 %K. 20 이하 과매도, 80 이상 과매수 가중치 12% CCI 상품채널지수. -100 이하 과매도, +100 이상 과매수 가중치 10% Williams %R 윌리엄스 %R. -80 이하 과매도,"
263,코인분석기 3종 프로그램 사용가이드,sell,매도,"있습니다 10개 보조지표 설명 RSI 14봉 상대강도지수. 30 이하 과매도, 70 이상 과매수 가중치 15% Stochastic 스토캐스틱 %K. 20 이하 과매도, 80 이상 과매수 가중치 12% CCI 상품채널지수. -100 이하 과매도, +100 이상 과매수 가중치 10% Williams %R 윌리엄스 %R. -80 이하 과매도, -20 이상 과매수 가중치 10% MFI 자금흐름지수. 거래량 가중 RSI. 20 이하 과"
263,코인분석기 3종 프로그램 사용가이드,sell,매도,"70 이상 과매수 가중치 15% Stochastic 스토캐스틱 %K. 20 이하 과매도, 80 이상 과매수 가중치 12% CCI 상품채널지수. -100 이하 과매도, +100 이상 과매수 가중치 10% Williams %R 윌리엄스 %R. -80 이하 과매도, -20 이상 과매수 가중치 10% MFI 자금흐름지수. 거래량 가중 RSI. 20 이하 과매도 가중치 12% BB%B 볼린저밴드 위치. 0.2 이하 하단, 0.8 이상"
263,코인분석기 3종 프로그램 사용가이드,sell,매도,"이상 과매수 가중치 12% CCI 상품채널지수. -100 이하 과매도, +100 이상 과매수 가중치 10% Williams %R 윌리엄스 %R. -80 이하 과매도, -20 이상 과매수 가중치 10% MFI 자금흐름지수. 거래량 가중 RSI. 20 이하 과매도 가중치 12% BB%B 볼린저밴드 위치. 0.2 이하 하단, 0.8 이상 상단 가중치 10% MACD MACD 히스토그램 방향 전환 감지 가중치 8% ADX 추세 강도"
263,코인분석기 3종 프로그램 사용가이드,sell,매도,"중치 10% Williams %R 윌리엄스 %R. -80 이하 과매도, -20 이상 과매수 가중치 10% MFI 자금흐름지수. 거래량 가중 RSI. 20 이하 과매도 가중치 12% BB%B 볼린저밴드 위치. 0.2 이하 하단, 0.8 이상 상단 가중치 10% MACD MACD 히스토그램 방향 전환 감지 가중치 8% ADX 추세 강도. 25 이하 약추세, 25 이상 강추세 가중치 8% OBV 거래량 누적 추세. 양의 기울기면 매"
263,코인분석기 3종 프로그램 사용가이드,sell,매도,% 신호 해석 방법 점수 신호 의미 70점 이상 LONG 강력 매수 신호 55~69점 LONG 매수 관심 구간 46~54점 HOLD 관망 31~45점 SHORT 매도 관심 구간 30점 이하 SHORT 강력 매도 신호 사용 방법 1 프로그램 실행 HTML 파일을 열면 자동으로 빗썸 API에서 데이터를 가져와 분석을 시작합니다. 2 신호등 바 확인 상단 30개 신호등으로 전체 시장 분위기를 파악합니다. 녹색이 많으면 상승장입니다.
263,코인분석기 3종 프로그램 사용가이드,sell,매도,상 LONG 강력 매수 신호 55~69점 LONG 매수 관심 구간 46~54점 HOLD 관망 31~45점 SHORT 매도 관심 구간 30점 이하 SHORT 강력 매도 신호 사용 방법 1 프로그램 실행 HTML 파일을 열면 자동으로 빗썸 API에서 데이터를 가져와 분석을 시작합니다. 2 신호등 바 확인 상단 30개 신호등으로 전체 시장 분위기를 파악합니다. 녹색이 많으면 상승장입니다. 3 코인 카드 터치 관심 코인을 터치하면 상
263,코인분석기 3종 프로그램 사용가이드,sell,매도,"+15%에서 분할 청산합니다. 2 바닥권 분석기 Quantum Alpha Analyzer PRO 이 프로그램은 무엇인가요? 빗썸 거래소의 전체 암호화폐 중에서 과매도 상태에 진입한 종목을 찾아내는 프로그램입니다. 7가지 핵심 지표를 분석하여 0~100점 사이의 바닥권 점수를 산출합니다. 점수가 높을수록 현재 가격이 바닥권에 가깝다는 의미이며, 반등 가능성이 높습니다. 바닥권 점수 산출 기준 지표 조건 배점 RSI 20 미만 2"
263,코인분석기 3종 프로그램 사용가이드,sell,매도,s %R -90 미만 15점 CCI -200 미만 15점 MFI 10 미만 15점 볼린저밴드 하단 2% 이내 5점 ADX 20 미만(약추세) 5점 신호 분류 극과매도 80점 이상. 여러 지표가 동시에 극단적 과매도. 반등 확률 매우 높음 강한매수 60~79점. 과매도 신호 다수 발생. 적극적인 매수 고려 매수 40~59점. 일부 지표에서 과매도 신호. 관심 종목으로 등록 중립 20~39점. 바닥권이라 판단하기 어려움. 추가 하
263,코인분석기 3종 프로그램 사용가이드,sell,매도,15점 MFI 10 미만 15점 볼린저밴드 하단 2% 이내 5점 ADX 20 미만(약추세) 5점 신호 분류 극과매도 80점 이상. 여러 지표가 동시에 극단적 과매도. 반등 확률 매우 높음 강한매수 60~79점. 과매도 신호 다수 발생. 적극적인 매수 고려 매수 40~59점. 일부 지표에서 과매도 신호. 관심 종목으로 등록 중립 20~39점. 바닥권이라 판단하기 어려움. 추가 하락 대기 매도 20점 미만. 과매도 구간 아님.
263,코인분석기 3종 프로그램 사용가이드,sell,매도,이내 5점 ADX 20 미만(약추세) 5점 신호 분류 극과매도 80점 이상. 여러 지표가 동시에 극단적 과매도. 반등 확률 매우 높음 강한매수 60~79점. 과매도 신호 다수 발생. 적극적인 매수 고려 매수 40~59점. 일부 지표에서 과매도 신호. 관심 종목으로 등록 중립 20~39점. 바닥권이라 판단하기 어려움. 추가 하락 대기 매도 20점 미만. 과매도 구간 아님. 조정 가능성 사용 방법 1 분석 설정 시간대(30분봉
263,코인분석기 3종 프로그램 사용가이드,sell,매도,여러 지표가 동시에 극단적 과매도. 반등 확률 매우 높음 강한매수 60~79점. 과매도 신호 다수 발생. 적극적인 매수 고려 매수 40~59점. 일부 지표에서 과매도 신호. 관심 종목으로 등록 중립 20~39점. 바닥권이라 판단하기 어려움. 추가 하락 대기 매도 20점 미만. 과매도 구간 아님. 조정 가능성 사용 방법 1 분석 설정 시간대(30분봉 이상 권장)와 분석 코인 개수(상위 50~100개 권장)를 선택합니다. 2 분석
263,코인분석기 3종 프로그램 사용가이드,sell,매도,발생. 적극적인 매수 고려 매수 40~59점. 일부 지표에서 과매도 신호. 관심 종목으로 등록 중립 20~39점. 바닥권이라 판단하기 어려움. 추가 하락 대기 매도 20점 미만. 과매도 구간 아님. 조정 가능성 사용 방법 1 분석 설정 시간대(30분봉 이상 권장)와 분석 코인 개수(상위 50~100개 권장)를 선택합니다. 2 분석 시작 분석 시작 버튼을 터치합니다. 코인 수에 따라 1~5분 소요됩니다. 3 결과 확인 바닥권
263,코인분석기 3종 프로그램 사용가이드,sell,매도,고려 매수 40~59점. 일부 지표에서 과매도 신호. 관심 종목으로 등록 중립 20~39점. 바닥권이라 판단하기 어려움. 추가 하락 대기 매도 20점 미만. 과매도 구간 아님. 조정 가능성 사용 방법 1 분석 설정 시간대(30분봉 이상 권장)와 분석 코인 개수(상위 50~100개 권장)를 선택합니다. 2 분석 시작 분석 시작 버튼을 터치합니다. 코인 수에 따라 1~5분 소요됩니다. 3 결과 확인 바닥권 점수 순으로 정렬된 결
263,코인분석기 3종 프로그램 사용가이드,sell,매도,"2 분석 시작 분석 시작 버튼을 터치합니다. 코인 수에 따라 1~5분 소요됩니다. 3 결과 확인 바닥권 점수 순으로 정렬된 결과를 확인합니다. 상단 통계에서 극과매도 코인 수를 파악합니다. 4 상세 분석 카드를 터치하면 RSI, Stochastic RSI, Williams %R, CCI, MFI, ADX, 볼린저밴드 상세 수치를 확인할 수 있습니다. 5 자동 갱신 자동갱신 버튼을 켜면 5분마다 자동으로 재분석됩니다. 실전 매매"
263,코인분석기 3종 프로그램 사용가이드,sell,매도,"편차, 거래량 비율, ATR 변동성 종합. +0.5 이상 매수 신호 RCI 멀티타임 9일/26일/52일 RCI 동시 표시. 세 라인 모두 -80 이하면 강력 과매도 알람 기능 RSI/RCI/CCI 과매도·과매수, MACD 크로스, Squeeze 돌파 알람 지원 종합 신호 해석 점수 신호 의미 80점 이상 Strong Buy 대부분의 지표가 상승 예측. 적극 매수 60~79점 Buy 다수 지표가 상승 예측. 매수 고려 40~5"
263,코인분석기 3종 프로그램 사용가이드,sell,매도,"합. +0.5 이상 매수 신호 RCI 멀티타임 9일/26일/52일 RCI 동시 표시. 세 라인 모두 -80 이하면 강력 과매도 알람 기능 RSI/RCI/CCI 과매도·과매수, MACD 크로스, Squeeze 돌파 알람 지원 종합 신호 해석 점수 신호 의미 80점 이상 Strong Buy 대부분의 지표가 상승 예측. 적극 매수 60~79점 Buy 다수 지표가 상승 예측. 매수 고려 40~59점 Neutral 신호 혼재. 관망 또"
263,코인분석기 3종 프로그램 사용가이드,sell,매도,0~79점 Buy 다수 지표가 상승 예측. 매수 고려 40~59점 Neutral 신호 혼재. 관망 또는 소량 매매 20~39점 Sell 다수 지표가 하락 예측. 매도 고려 20점 미만 Strong Sell 대부분의 지표가 하락 예측. 적극 매도 사용 방법 1 코인 검색 검색창에 코인명(비트코인) 또는 심볼(BTC)을 입력합니다. 자동완성에서 선택합니다. 2 시간대 선택 차트 상단에서 원하는 타임프레임을 선택합니다. 여러 시간대
263,코인분석기 3종 프로그램 사용가이드,sell,매도,신호 혼재. 관망 또는 소량 매매 20~39점 Sell 다수 지표가 하락 예측. 매도 고려 20점 미만 Strong Sell 대부분의 지표가 하락 예측. 적극 매도 사용 방법 1 코인 검색 검색창에 코인명(비트코인) 또는 심볼(BTC)을 입력합니다. 자동완성에서 선택합니다. 2 시간대 선택 차트 상단에서 원하는 타임프레임을 선택합니다. 여러 시간대를 교차 확인하는 것을 권장합니다. 3 종합 신호 확인 상단 시그널 패널에서 종
263,코인분석기 3종 프로그램 사용가이드,sell,매도,"밍입니다. 볼린저밴드 중간선을 1차 익절, 상단선을 2차 익절 목표로 설정하세요. 3종 프로그램 연계 활용법 최적의 매매 워크플로우 🔍 1단계: 바닥권 분석기 과매도 상태의 종목을 발굴합니다. 바닥권 점수 70점 이상 종목을 리스트업하세요. ↓ 📊 2단계: 차트 분석기 선별된 종목을 상세 분석합니다. 종합 신호, Squeeze, Z-Score를 추가 검증하세요. ↓ ⚡ 3단계: 단타용 미니맵 최종 선별 종목을 실시간 모니터링합"
263,코인분석기 3종 프로그램 사용가이드,sell,매도,가능성이 있으므로 감당 가능한 금액만 투자하세요. 손절 라인 설정은 필수입니다. 어떤 분석도 100% 정확하지 않으므로 반드시 손절 계획을 세우세요. 분할 매수/매도 전략을 권장합니다. 한 번에 전량 매수/매도하지 말고 나누어 진행하세요. 비트코인 방향성을 항상 확인하세요. 알트코인은 비트코인 영향을 크게 받습니다. YouTube @코인파밍 TikTok @jjinbbin Instagram @coin.ming Threads @m
263,코인분석기 3종 프로그램 사용가이드,sell,매도,요. 손절 라인 설정은 필수입니다. 어떤 분석도 100% 정확하지 않으므로 반드시 손절 계획을 세우세요. 분할 매수/매도 전략을 권장합니다. 한 번에 전량 매수/매도하지 말고 나누어 진행하세요. 비트코인 방향성을 항상 확인하세요. 알트코인은 비트코인 영향을 크게 받습니다. YouTube @코인파밍 TikTok @jjinbbin Instagram @coin.ming Threads @minjinehot Telegram @coinm
263,코인분석기 3종 프로그램 사용가이드,timeframe,타임프레임,"폐를 동시에 모니터링하면서 실시간 매매 신호를 제공하는 프로그램입니다. 10개의 기술적 지표를 종합 분석하여 각 코인별로 매수/매도/관망 신호를 생성합니다. 멀티타임프레임 교차분석 기능을 통해 1분, 3분, 5분, 15분봉의 신호를 동시에 확인할 수 있습니다. 화면 구성 신호등 바 30개 코인의 실시간 신호를 색상으로 표시합니다. 녹색=매수, 빨간색=매도, 노란색=관망 수익률 추적바 TRACK 기능으로 추적 중인 코인의 실시간"
263,코인분석기 3종 프로그램 사용가이드,timeframe,타임프레임,"호화폐에 대해 심층적인 기술적 분석을 제공하는 프로그램입니다. 실시간 캔들 차트, Squeeze Momentum 분석, Z-Score 퀀트 알고리즘, RCI 멀티타임프레임 분석 등 전문가 수준의 분석 도구를 제공합니다. 주요 기능 종합 시그널 5가지 핵심 지표를 종합한 Strong Buy / Buy / Neutral / Sell / Strong Sell 신호 캔들 차트 1분/3분/5분/15분/30분/1시간/4시간/일봉 지원."
263,코인분석기 3종 프로그램 사용가이드,timeframe,타임프레임,"적극 매도 사용 방법 1 코인 검색 검색창에 코인명(비트코인) 또는 심볼(BTC)을 입력합니다. 자동완성에서 선택합니다. 2 시간대 선택 차트 상단에서 원하는 타임프레임을 선택합니다. 여러 시간대를 교차 확인하는 것을 권장합니다. 3 종합 신호 확인 상단 시그널 패널에서 종합, RSI, MACD, Squeeze, Z-Score 신호를 확인합니다. 4 차트 분석 캔들 패턴, 볼린저밴드 위치, Squeeze Momentum 상태"
263,코인분석기 3종 프로그램 사용가이드,indicator,RSI,"시간 변동률을 표시합니다 코인 그리드 30개 코인 카드가 점수순으로 배열되어 있습니다 10개 보조지표 설명 RSI 14봉 상대강도지수. 30 이하 과매도, 70 이상 과매수 가중치 15% Stochastic 스토캐스틱 %K. 20 이하 과매도, 80 이상 과매수 가중치 12% CCI 상"
263,코인분석기 3종 프로그램 사용가이드,indicator,RSI,"윌리엄스 %R. -80 이하 과매도, -20 이상 과매수 가중치 10% MFI 자금흐름지수. 거래량 가중 RSI. 20 이하 과매도 가중치 12% BB%B 볼린저밴드 위치. 0.2 이하 하단, 0.8 이상 상단 가중치 10% MACD MACD 히스토그램 방향 전환 감지 가중치 8% A"
263,코인분석기 3종 프로그램 사용가이드,indicator,RSI,"현재 가격이 바닥권에 가깝다는 의미이며, 반등 가능성이 높습니다. 바닥권 점수 산출 기준 지표 조건 배점 RSI 20 미만 25점 Stochastic RSI K값 10 미만 20점 Williams %R -90 미만 15점 CCI -200 미만 15점 MFI 10 미만 15점 볼린저밴드"
263,코인분석기 3종 프로그램 사용가이드,indicator,RSI,등 가능성이 높습니다. 바닥권 점수 산출 기준 지표 조건 배점 RSI 20 미만 25점 Stochastic RSI K값 10 미만 20점 Williams %R -90 미만 15점 CCI -200 미만 15점 MFI 10 미만 15점 볼린저밴드 하단 2% 이내 5점 ADX 20 미만(약추
263,코인분석기 3종 프로그램 사용가이드,indicator,RSI,"로 정렬된 결과를 확인합니다. 상단 통계에서 극과매도 코인 수를 파악합니다. 4 상세 분석 카드를 터치하면 RSI, Stochastic RSI, Williams %R, CCI, MFI, ADX, 볼린저밴드 상세 수치를 확인할 수 있습니다. 5 자동 갱신 자동갱신 버튼을 켜면 5분마다 자"
263,코인분석기 3종 프로그램 사용가이드,indicator,RSI,"상단 통계에서 극과매도 코인 수를 파악합니다. 4 상세 분석 카드를 터치하면 RSI, Stochastic RSI, Williams %R, CCI, MFI, ADX, 볼린저밴드 상세 수치를 확인할 수 있습니다. 5 자동 갱신 자동갱신 버튼을 켜면 5분마다 자동으로 재분석됩니다. 실전 매"
263,코인분석기 3종 프로그램 사용가이드,indicator,RSI,"자동 갱신 자동갱신 버튼을 켜면 5분마다 자동으로 재분석됩니다. 실전 매매 팁 바닥권 점수 70점 이상 + RSI 30 이하 + Stochastic RSI 20 이하가 동시에 충족되는 종목을 우선 선별하세요. 분할 매수 전략을 권장합니다. 1차 현재가, 2차 -5%, 3차 -10% 하락"
263,코인분석기 3종 프로그램 사용가이드,indicator,RSI,"자동으로 재분석됩니다. 실전 매매 팁 바닥권 점수 70점 이상 + RSI 30 이하 + Stochastic RSI 20 이하가 동시에 충족되는 종목을 우선 선별하세요. 분할 매수 전략을 권장합니다. 1차 현재가, 2차 -5%, 3차 -10% 하락 시 추가 매수합니다. 3 차트 분석기 v"
263,코인분석기 3종 프로그램 사용가이드,indicator,RSI,"RCI 멀티타임 9일/26일/52일 RCI 동시 표시. 세 라인 모두 -80 이하면 강력 과매도 알람 기능 RSI/RCI/CCI 과매도·과매수, MACD 크로스, Squeeze 돌파 알람 지원 종합 신호 해석 점수 신호 의미 80점 이상 Strong Buy 대부분의 지표가 상승 예측."
263,코인분석기 3종 프로그램 사용가이드,indicator,RSI,"선택합니다. 여러 시간대를 교차 확인하는 것을 권장합니다. 3 종합 신호 확인 상단 시그널 패널에서 종합, RSI, MACD, Squeeze, Z-Score 신호를 확인합니다. 4 차트 분석 캔들 패턴, 볼린저밴드 위치, Squeeze Momentum 상태, Z-Score 값을 종합 분"
263,코인분석기 3종 프로그램 사용가이드,indicator,RSI,"람 조건을 활성화합니다. 조건 충족 시 소리와 알림이 표시됩니다. 실전 매매 팁 종합 신호 Buy 이상 + RSI 30~40 구간 상승 전환 + Squeeze OFF + 양수 모멘텀 + Z-Score +0.5 이상이면 강력한 매수 타이밍입니다. 볼린저밴드 중간선을 1차 익절, 상단선을"
263,코인분석기 3종 프로그램 사용가이드,indicator,MACD,"이하 과매도 가중치 12% BB%B 볼린저밴드 위치. 0.2 이하 하단, 0.8 이상 상단 가중치 10% MACD MACD 히스토그램 방향 전환 감지 가중치 8% ADX 추세 강도. 25 이하 약추세, 25 이상 강추세 가중치 8% OBV 거래량 누적 추세. 양의 기울기면 매집 진행"
263,코인분석기 3종 프로그램 사용가이드,indicator,MACD,"매도 가중치 12% BB%B 볼린저밴드 위치. 0.2 이하 하단, 0.8 이상 상단 가중치 10% MACD MACD 히스토그램 방향 전환 감지 가중치 8% ADX 추세 강도. 25 이하 약추세, 25 이상 강추세 가중치 8% OBV 거래량 누적 추세. 양의 기울기면 매집 진행 가중치 8"
263,코인분석기 3종 프로그램 사용가이드,indicator,MACD,"CI 동시 표시. 세 라인 모두 -80 이하면 강력 과매도 알람 기능 RSI/RCI/CCI 과매도·과매수, MACD 크로스, Squeeze 돌파 알람 지원 종합 신호 해석 점수 신호 의미 80점 이상 Strong Buy 대부분의 지표가 상승 예측. 적극 매수 60~79점 Buy 다수 지"
263,코인분석기 3종 프로그램 사용가이드,indicator,MACD,". 여러 시간대를 교차 확인하는 것을 권장합니다. 3 종합 신호 확인 상단 시그널 패널에서 종합, RSI, MACD, Squeeze, Z-Score 신호를 확인합니다. 4 차트 분석 캔들 패턴, 볼린저밴드 위치, Squeeze Momentum 상태, Z-Score 값을 종합 분석합니다."
263,코인분석기 3종 프로그램 사용가이드,indicator,RCI,"는 프로그램입니다. 실시간 캔들 차트, Squeeze Momentum 분석, Z-Score 퀀트 알고리즘, RCI 멀티타임프레임 분석 등 전문가 수준의 분석 도구를 제공합니다. 주요 기능 종합 시그널 5가지 핵심 지표를 종합한 Strong Buy / Buy / Neutral / Sell"
263,코인분석기 3종 프로그램 사용가이드,indicator,RCI,"MINJINE 독점 알고리즘. VWAP 편차, 거래량 비율, ATR 변동성 종합. +0.5 이상 매수 신호 RCI 멀티타임 9일/26일/52일 RCI 동시 표시. 세 라인 모두 -80 이하면 강력 과매도 알람 기능 RSI/RCI/CCI 과매도·과매수, MACD 크로스, Squeeze 돌"
263,코인분석기 3종 프로그램 사용가이드,indicator,RCI,"P 편차, 거래량 비율, ATR 변동성 종합. +0.5 이상 매수 신호 RCI 멀티타임 9일/26일/52일 RCI 동시 표시. 세 라인 모두 -80 이하면 강력 과매도 알람 기능 RSI/RCI/CCI 과매도·과매수, MACD 크로스, Squeeze 돌파 알람 지원 종합 신호 해석 점수"
263,코인분석기 3종 프로그램 사용가이드,indicator,RCI,"멀티타임 9일/26일/52일 RCI 동시 표시. 세 라인 모두 -80 이하면 강력 과매도 알람 기능 RSI/RCI/CCI 과매도·과매수, MACD 크로스, Squeeze 돌파 알람 지원 종합 신호 해석 점수 신호 의미 80점 이상 Strong Buy 대부분의 지표가 상승 예측. 적극 매"
263,코인분석기 3종 프로그램 사용가이드,indicator,CCI,"수 가중치 15% Stochastic 스토캐스틱 %K. 20 이하 과매도, 80 이상 과매수 가중치 12% CCI 상품채널지수. -100 이하 과매도, +100 이상 과매수 가중치 10% Williams %R 윌리엄스 %R. -80 이하 과매도, -20 이상 과매수 가중치 10% MFI"
263,코인분석기 3종 프로그램 사용가이드,indicator,CCI,0 미만 25점 Stochastic RSI K값 10 미만 20점 Williams %R -90 미만 15점 CCI -200 미만 15점 MFI 10 미만 15점 볼린저밴드 하단 2% 이내 5점 ADX 20 미만(약추세) 5점 신호 분류 극과매도 80점 이상. 여러 지표가 동시에 극단적
263,코인분석기 3종 프로그램 사용가이드,indicator,CCI,"를 파악합니다. 4 상세 분석 카드를 터치하면 RSI, Stochastic RSI, Williams %R, CCI, MFI, ADX, 볼린저밴드 상세 수치를 확인할 수 있습니다. 5 자동 갱신 자동갱신 버튼을 켜면 5분마다 자동으로 재분석됩니다. 실전 매매 팁 바닥권 점수 70점 이상"
263,코인분석기 3종 프로그램 사용가이드,indicator,CCI,"9일/26일/52일 RCI 동시 표시. 세 라인 모두 -80 이하면 강력 과매도 알람 기능 RSI/RCI/CCI 과매도·과매수, MACD 크로스, Squeeze 돌파 알람 지원 종합 신호 해석 점수 신호 의미 80점 이상 Strong Buy 대부분의 지표가 상승 예측. 적극 매수 60"
263,코인분석기 3종 프로그램 사용가이드,indicator,OBV,"스토그램 방향 전환 감지 가중치 8% ADX 추세 강도. 25 이하 약추세, 25 이상 강추세 가중치 8% OBV 거래량 누적 추세. 양의 기울기면 매집 진행 가중치 8% ATR% 변동성 비율. 높을수록 단타 기회 많음 가중치 7% 신호 해석 방법 점수 신호 의미 70점 이상 LONG"
293,텔레그램 급락 경고 시스템 분석 결과,score,점수,"떨어진 뒤에 울리는 알람은 의미가 없습니다. MINJINE 의 시스템은 비트코인(BTC)의 수익률과 알트코인들의 중위값을 실시간으로 대조하여 하락의 '에너지'를 점수화합니다. 1단계: 폭풍 전야의 감지 (오전 10:42 ~ 오후 1:40) 오전 10:42: 시스템에서 ""ALT 코인 급락 감지!"" 첫 예보가 발송되었습니다. 오후 1:40: 당시 위험도는 NONE이었으나, 내부 알고리즘 점수는 무려 97.6점 까지 치솟았습니다."
293,텔레그램 급락 경고 시스템 분석 결과,score,점수,"후 1:40) 오전 10:42: 시스템에서 ""ALT 코인 급락 감지!"" 첫 예보가 발송되었습니다. 오후 1:40: 당시 위험도는 NONE이었으나, 내부 알고리즘 점수는 무려 97.6점 까지 치솟았습니다. 분석 결과: 차트상 가격은 131원 근처에서 버티고 있었지만, 데이터는 이미 매수세가 실종되고 하방 압력이 임계점에 도달했음을 알리고 있었습니다. 2단계: 골든 타임, 'HIGH' 등급의 발령 (오후 5:22 ~ 6:14) 상"
293,텔레그램 급락 경고 시스템 분석 결과,score,점수,". 2단계: 골든 타임, 'HIGH' 등급의 발령 (오후 5:22 ~ 6:14) 상황: 오후 5시를 넘기며 시스템은 위험도 HIGH와 함께 90~98점 의 높은 점수를 연속으로 띄웠습니다. 차트 반응: 알림이 집중된 직후, 샌드박스(SAND)는 128원을 깨고 123원까지 단숨에 수직 낙하 했습니다. 성과: 우리 시스템을 이용한 분들은 실제 폭락이 시작되기 전, 혹은 하락 초입에 충분히 포지션을 정리할 수 있는 '대응 시간'을"
293,텔레그램 급락 경고 시스템 분석 결과,score,점수,"우리 시스템을 이용한 분들은 실제 폭락이 시작되기 전, 혹은 하락 초입에 충분히 포지션을 정리할 수 있는 '대응 시간'을 확보했습니다. 데이터가 증명하는 '경고 점수'의 신뢰도 많은 분이 묻습니다. ""점수가 몇 점일 때 가장 위험한가요?"" 제가 직접 데이터를 대조해 분석한 상관관계는 다음과 같습니다. 경고 점수 구간 위험 등급 실제 시장 반응 (SAND 사례 기준) 95 ~ 100점 HIGH / CRITICAL [즉각 대응]"
293,텔레그램 급락 경고 시스템 분석 결과,score,점수,"시작되기 전, 혹은 하락 초입에 충분히 포지션을 정리할 수 있는 '대응 시간'을 확보했습니다. 데이터가 증명하는 '경고 점수'의 신뢰도 많은 분이 묻습니다. ""점수가 몇 점일 때 가장 위험한가요?"" 제가 직접 데이터를 대조해 분석한 상관관계는 다음과 같습니다. 경고 점수 구간 위험 등급 실제 시장 반응 (SAND 사례 기준) 95 ~ 100점 HIGH / CRITICAL [즉각 대응] 15분 이내에 강한 수직 낙하 발생 확률"
293,텔레그램 급락 경고 시스템 분석 결과,score,점수,"명하는 '경고 점수'의 신뢰도 많은 분이 묻습니다. ""점수가 몇 점일 때 가장 위험한가요?"" 제가 직접 데이터를 대조해 분석한 상관관계는 다음과 같습니다. 경고 점수 구간 위험 등급 실제 시장 반응 (SAND 사례 기준) 95 ~ 100점 HIGH / CRITICAL [즉각 대응] 15분 이내에 강한 수직 낙하 발생 확률 매우 높음. 80 ~ 94점 HIGH [경계 단계] 하락 에너지가 응축되어 지지선 붕괴가 임박한 상태. 5"
293,텔레그램 급락 경고 시스템 분석 결과,buy,매수,"위험도는 NONE이었으나, 내부 알고리즘 점수는 무려 97.6점 까지 치솟았습니다. 분석 결과: 차트상 가격은 131원 근처에서 버티고 있었지만, 데이터는 이미 매수세가 실종되고 하방 압력이 임계점에 도달했음을 알리고 있었습니다. 2단계: 골든 타임, 'HIGH' 등급의 발령 (오후 5:22 ~ 6:14) 상황: 오후 5시를 넘기며 시스템은 위험도 HIGH와 함께 90~98점 의 높은 점수를 연속으로 띄웠습니다. 차트 반응:"
293,텔레그램 급락 경고 시스템 분석 결과,risk,리스크,"E 의 대표 **파밍(Paming, 서교민)**입니다. 최근 변동성이 심한 암호화폐 시장에서 많은 투자자가 예기치 못한 급락으로 고통받고 있습니다. 저는 이러한 리스크를 데이터로 정밀하게 관리하기 위해 **'급락 경고 시스템'**을 개발하여 운영 중입니다. 오늘은 2026년 2월 9일, 실제 시장에서 우리 시스템이 어떻게 작동했는지 샌드박스(SAND) 코인의 사례를 통해 그 정확도를 직접 증명해 보려고 합니다. 2026년 2월"
293,텔레그램 급락 경고 시스템 분석 결과,crash_warning,급락 경고,"입니다. 최근 변동성이 심한 암호화폐 시장에서 많은 투자자가 예기치 못한 급락으로 고통받고 있습니다. 저는 이러한 리스크를 데이터로 정밀하게 관리하기 위해 **'급락 경고 시스템'**을 개발하여 운영 중입니다. 오늘은 2026년 2월 9일, 실제 시장에서 우리 시스템이 어떻게 작동했는지 샌드박스(SAND) 코인의 사례를 통해 그 정확도를 직접 증명해 보려고 합니다. 2026년 2월 9일: 폭포수 하락을 미리 읽다 단순히 가격이"
293,텔레그램 급락 경고 시스템 분석 결과,crash_warning,급락 경고,"[진정 국면] 급락 에너지가 소멸하고 바닥을 다지는 단계. 결론: 투자는 운이 아니라 '데이터'입니다 이번 샌드박스 급락 사례에서 보셨듯이, MINJINE 의 급락 경고 시스템은 단순한 보조 지표를 넘어 시장의 '공포'를 수치화하여 실질적인 손실 회피 도구로 작동하고 있습니다. 저는 현재 이 알고리즘을 더욱 고도화하여 8개의 독립된 채널을 통해 다양한 시장 전략을 제공하고 있습니다. 앞으로도 여러분의 소중한 자산을 지키는 가"
308,4월13일 추천. 코인리스트,system_signal,시스템 신호,등 종목 (LIVE)** 하락장 속에서도 거래대금이 몰리며 '나홀로 상승' 중인 종목들입니다. * **온톨로지가스 (ONG):** **최대 +7.8% 급등** (시스템 신호: 하모닉 패턴 및 단기 매도 종료 포착) * **스페이스아이디 (ID):** **+4.4% 상승** (시스템 신호: 씽크로 ULTRA 및 강력 추천 점수 173점) * **이뮤터블엑스 (IMX):** **+3.8% 상승** (실시간 거래대금 상위권 랭크)
308,4월13일 추천. 코인리스트,system_signal,시스템 신호,(ONG):** **최대 +7.8% 급등** (시스템 신호: 하모닉 패턴 및 단기 매도 종료 포착) * **스페이스아이디 (ID):** **+4.4% 상승** (시스템 신호: 씽크로 ULTRA 및 강력 추천 점수 173점) * **이뮤터블엑스 (IMX):** **+3.8% 상승** (실시간 거래대금 상위권 랭크) ### **2. 분석 엔진별 주요 적중 포인트** #### **① 크로스채널 종합 판정 (8개 채널 교차 검증)**
308,4월13일 추천. 코인리스트,strong_reco,강력 추천,급등** (시스템 신호: 하모닉 패턴 및 단기 매도 종료 포착) * **스페이스아이디 (ID):** **+4.4% 상승** (시스템 신호: 씽크로 ULTRA 및 강력 추천 점수 173점) * **이뮤터블엑스 (IMX):** **+3.8% 상승** (실시간 거래대금 상위권 랭크) ### **2. 분석 엔진별 주요 적중 포인트** #### **① 크로스채널 종합 판정 (8개 채널 교차 검증)** 여러 기술적 분석 지표가 동시에 '
308,4월13일 추천. 코인리스트,strong_reco,강력 추천,(8개 채널 교차 검증)** 여러 기술적 분석 지표가 동시에 '매수'를 가리킨 종목들이 실제 상승으로 이어졌습니다. * **스페이스아이디(ID):** 173점 (강력 추천) → **적중!** * **라이브피어(LPT):** 168점 (강력 추천) → **저평가 구간 탈출 중** * **디카르고(DKA):** 166점 (강력 추천) → **세력 매집 확인 신호 발생** #### **② 하이퍼 씽크로 (타임프레임 동기화)** 단기
308,4월13일 추천. 코인리스트,strong_reco,강력 추천,리킨 종목들이 실제 상승으로 이어졌습니다. * **스페이스아이디(ID):** 173점 (강력 추천) → **적중!** * **라이브피어(LPT):** 168점 (강력 추천) → **저평가 구간 탈출 중** * **디카르고(DKA):** 166점 (강력 추천) → **세력 매집 확인 신호 발생** #### **② 하이퍼 씽크로 (타임프레임 동기화)** 단기(5분)부터 장기(4시간)까지 모든 추세가 정렬된 종목들입니다. * **센
308,4월13일 추천. 코인리스트,strong_reco,강력 추천,(강력 추천) → **적중!** * **라이브피어(LPT):** 168점 (강력 추천) → **저평가 구간 탈출 중** * **디카르고(DKA):** 166점 (강력 추천) → **세력 매집 확인 신호 발생** #### **② 하이퍼 씽크로 (타임프레임 동기화)** 단기(5분)부터 장기(4시간)까지 모든 추세가 정렬된 종목들입니다. * **센트리퓨즈(CFG):** 씽크점수 81점 (초강강매수 5/5) * **아하토큰(AHT):
308,4월13일 추천. 코인리스트,score,점수,시스템 신호: 하모닉 패턴 및 단기 매도 종료 포착) * **스페이스아이디 (ID):** **+4.4% 상승** (시스템 신호: 씽크로 ULTRA 및 강력 추천 점수 173점) * **이뮤터블엑스 (IMX):** **+3.8% 상승** (실시간 거래대금 상위권 랭크) ### **2. 분석 엔진별 주요 적중 포인트** #### **① 크로스채널 종합 판정 (8개 채널 교차 검증)** 여러 기술적 분석 지표가 동시에 '매수'를 가
308,4월13일 추천. 코인리스트,score,점수,#### **② 하이퍼 씽크로 (타임프레임 동기화)** 단기(5분)부터 장기(4시간)까지 모든 추세가 정렬된 종목들입니다. * **센트리퓨즈(CFG):** 씽크점수 81점 (초강강매수 5/5) * **아하토큰(AHT):** 씽크점수 82점 (강력매수 3/5) #### **③ 알고리즘 기반 'Z-Score' 리버설** 과매도 구간에서 반등 확률이 가장 높은 종목을 정확히 짚어냈습니다. * **앵커(ANKR):** 알고리즘 점수
308,4월13일 추천. 코인리스트,score,점수,부터 장기(4시간)까지 모든 추세가 정렬된 종목들입니다. * **센트리퓨즈(CFG):** 씽크점수 81점 (초강강매수 5/5) * **아하토큰(AHT):** 씽크점수 82점 (강력매수 3/5) #### **③ 알고리즘 기반 'Z-Score' 리버설** 과매도 구간에서 반등 확률이 가장 높은 종목을 정확히 짚어냈습니다. * **앵커(ANKR):** 알고리즘 점수 **100점** (강력매수) * **카이트(KITE):** 알고리즘
308,4월13일 추천. 코인리스트,score,점수,"## **③ 알고리즘 기반 'Z-Score' 리버설** 과매도 구간에서 반등 확률이 가장 높은 종목을 정확히 짚어냈습니다. * **앵커(ANKR):** 알고리즘 점수 **100점** (강력매수) * **카이트(KITE):** 알고리즘 점수 **90점** (강력매수) ### **3. 향후 투자 전략: ""조정 후 반등을 노려라""** 현재 시장은 전반적으로 **눌림목(Retest)** 구간에 진입했습니다. 무지성 매수보다는 시스템이"
308,4월13일 추천. 코인리스트,score,점수,"등 확률이 가장 높은 종목을 정확히 짚어냈습니다. * **앵커(ANKR):** 알고리즘 점수 **100점** (강력매수) * **카이트(KITE):** 알고리즘 점수 **90점** (강력매수) ### **3. 향후 투자 전략: ""조정 후 반등을 노려라""** 현재 시장은 전반적으로 **눌림목(Retest)** 구간에 진입했습니다. 무지성 매수보다는 시스템이 제안하는 **'저평가 거래량'** 종목에 집중해야 합니다. * **관심"
308,4월13일 추천. 코인리스트,cross_validation,교차 검증,** **+3.8% 상승** (실시간 거래대금 상위권 랭크) ### **2. 분석 엔진별 주요 적중 포인트** #### **① 크로스채널 종합 판정 (8개 채널 교차 검증)** 여러 기술적 분석 지표가 동시에 '매수'를 가리킨 종목들이 실제 상승으로 이어졌습니다. * **스페이스아이디(ID):** 173점 (강력 추천) → **적중!** * **라이브피어(LPT):** 168점 (강력 추천) → **저평가 구간 탈출 중** *
308,4월13일 추천. 코인리스트,harmonic_pattern,하모닉 패턴,VE)** 하락장 속에서도 거래대금이 몰리며 '나홀로 상승' 중인 종목들입니다. * **온톨로지가스 (ONG):** **최대 +7.8% 급등** (시스템 신호: 하모닉 패턴 및 단기 매도 종료 포착) * **스페이스아이디 (ID):** **+4.4% 상승** (시스템 신호: 씽크로 ULTRA 및 강력 추천 점수 173점) * **이뮤터블엑스 (IMX):** **+3.8% 상승** (실시간 거래대금 상위권 랭크) ### **2.
308,4월13일 추천. 코인리스트,accumulation,매집,!** * **라이브피어(LPT):** 168점 (강력 추천) → **저평가 구간 탈출 중** * **디카르고(DKA):** 166점 (강력 추천) → **세력 매집 확인 신호 발생** #### **② 하이퍼 씽크로 (타임프레임 동기화)** 단기(5분)부터 장기(4시간)까지 모든 추세가 정렬된 종목들입니다. * **센트리퓨즈(CFG):** 씽크점수 81점 (초강강매수 5/5) * **아하토큰(AHT):** 씽크점수 82점 (강
308,4월13일 추천. 코인리스트,trading_value,거래대금,상위권을 휩쓸며 압도적인 퍼포먼스를 보여주고 있습니다. 실시간 적중 내역 공유합니다. ### **1. 실시간 업비트 급등 종목 (LIVE)** 하락장 속에서도 거래대금이 몰리며 '나홀로 상승' 중인 종목들입니다. * **온톨로지가스 (ONG):** **최대 +7.8% 급등** (시스템 신호: 하모닉 패턴 및 단기 매도 종료 포착) * **스페이스아이디 (ID):** **+4.4% 상승** (시스템 신호: 씽크로 ULTRA 및
308,4월13일 추천. 코인리스트,trading_value,거래대금,** **+4.4% 상승** (시스템 신호: 씽크로 ULTRA 및 강력 추천 점수 173점) * **이뮤터블엑스 (IMX):** **+3.8% 상승** (실시간 거래대금 상위권 랭크) ### **2. 분석 엔진별 주요 적중 포인트** #### **① 크로스채널 종합 판정 (8개 채널 교차 검증)** 여러 기술적 분석 지표가 동시에 '매수'를 가리킨 종목들이 실제 상승으로 이어졌습니다. * **스페이스아이디(ID):** 173점
308,4월13일 추천. 코인리스트,sync2,동기화,*저평가 구간 탈출 중** * **디카르고(DKA):** 166점 (강력 추천) → **세력 매집 확인 신호 발생** #### **② 하이퍼 씽크로 (타임프레임 동기화)** 단기(5분)부터 장기(4시간)까지 모든 추세가 정렬된 종목들입니다. * **센트리퓨즈(CFG):** 씽크점수 81점 (초강강매수 5/5) * **아하토큰(AHT):** 씽크점수 82점 (강력매수 3/5) #### **③ 알고리즘 기반 'Z-Score' 리버
308,4월13일 추천. 코인리스트,buy,매수,권 랭크) ### **2. 분석 엔진별 주요 적중 포인트** #### **① 크로스채널 종합 판정 (8개 채널 교차 검증)** 여러 기술적 분석 지표가 동시에 '매수'를 가리킨 종목들이 실제 상승으로 이어졌습니다. * **스페이스아이디(ID):** 173점 (강력 추천) → **적중!** * **라이브피어(LPT):** 168점 (강력 추천) → **저평가 구간 탈출 중** * **디카르고(DKA):** 166점 (강력 추천)
308,4월13일 추천. 코인리스트,buy,매수,이퍼 씽크로 (타임프레임 동기화)** 단기(5분)부터 장기(4시간)까지 모든 추세가 정렬된 종목들입니다. * **센트리퓨즈(CFG):** 씽크점수 81점 (초강강매수 5/5) * **아하토큰(AHT):** 씽크점수 82점 (강력매수 3/5) #### **③ 알고리즘 기반 'Z-Score' 리버설** 과매도 구간에서 반등 확률이 가장 높은 종목을 정확히 짚어냈습니다. * **앵커(ANKR):** 알고리즘 점수 **100점** (
308,4월13일 추천. 코인리스트,buy,매수,까지 모든 추세가 정렬된 종목들입니다. * **센트리퓨즈(CFG):** 씽크점수 81점 (초강강매수 5/5) * **아하토큰(AHT):** 씽크점수 82점 (강력매수 3/5) #### **③ 알고리즘 기반 'Z-Score' 리버설** 과매도 구간에서 반등 확률이 가장 높은 종목을 정확히 짚어냈습니다. * **앵커(ANKR):** 알고리즘 점수 **100점** (강력매수) * **카이트(KITE):** 알고리즘 점수 **90점*
308,4월13일 추천. 코인리스트,buy,매수,"'Z-Score' 리버설** 과매도 구간에서 반등 확률이 가장 높은 종목을 정확히 짚어냈습니다. * **앵커(ANKR):** 알고리즘 점수 **100점** (강력매수) * **카이트(KITE):** 알고리즘 점수 **90점** (강력매수) ### **3. 향후 투자 전략: ""조정 후 반등을 노려라""** 현재 시장은 전반적으로 **눌림목(Retest)** 구간에 진입했습니다. 무지성 매수보다는 시스템이 제안하는 **'저평가 거래"
308,4월13일 추천. 코인리스트,buy,매수,"을 정확히 짚어냈습니다. * **앵커(ANKR):** 알고리즘 점수 **100점** (강력매수) * **카이트(KITE):** 알고리즘 점수 **90점** (강력매수) ### **3. 향후 투자 전략: ""조정 후 반등을 노려라""** 현재 시장은 전반적으로 **눌림목(Retest)** 구간에 진입했습니다. 무지성 매수보다는 시스템이 제안하는 **'저평가 거래량'** 종목에 집중해야 합니다. * **관심 종목:** **메테오라(M"
308,4월13일 추천. 코인리스트,buy,매수,"* (강력매수) ### **3. 향후 투자 전략: ""조정 후 반등을 노려라""** 현재 시장은 전반적으로 **눌림목(Retest)** 구간에 진입했습니다. 무지성 매수보다는 시스템이 제안하는 **'저평가 거래량'** 종목에 집중해야 합니다. * **관심 종목:** **메테오라(MET2)** - 기대 반등 수치 +195.9%로 매우 높음. * **주의 사항:** 비트코인 강한 하락세이므로 분할 매수와 손절가 준수는 필수입니다. >"
308,4월13일 추천. 코인리스트,buy,매수,니다. * **관심 종목:** **메테오라(MET2)** - 기대 반등 수치 +195.9%로 매우 높음. * **주의 사항:** 비트코인 강한 하락세이므로 분할 매수와 손절가 준수는 필수입니다. > **[민지네 컨트롤타워 v3.0]**은 데이터와 알고리즘으로 시장을 이깁니다. > 더 상세한 실시간 시그널은 하단 상담 링크를 확인해 주세요. > **상담문의:** [https://open.kakao.com/me/paming] >
308,4월13일 추천. 코인리스트,sell,매도,서도 거래대금이 몰리며 '나홀로 상승' 중인 종목들입니다. * **온톨로지가스 (ONG):** **최대 +7.8% 급등** (시스템 신호: 하모닉 패턴 및 단기 매도 종료 포착) * **스페이스아이디 (ID):** **+4.4% 상승** (시스템 신호: 씽크로 ULTRA 및 강력 추천 점수 173점) * **이뮤터블엑스 (IMX):** **+3.8% 상승** (실시간 거래대금 상위권 랭크) ### **2. 분석 엔진별 주요 적
308,4월13일 추천. 코인리스트,sell,매도,"점수 81점 (초강강매수 5/5) * **아하토큰(AHT):** 씽크점수 82점 (강력매수 3/5) #### **③ 알고리즘 기반 'Z-Score' 리버설** 과매도 구간에서 반등 확률이 가장 높은 종목을 정확히 짚어냈습니다. * **앵커(ANKR):** 알고리즘 점수 **100점** (강력매수) * **카이트(KITE):** 알고리즘 점수 **90점** (강력매수) ### **3. 향후 투자 전략: ""조정 후 반등을 노려라"""
308,4월13일 추천. 코인리스트,engine,분석 엔진,호: 씽크로 ULTRA 및 강력 추천 점수 173점) * **이뮤터블엑스 (IMX):** **+3.8% 상승** (실시간 거래대금 상위권 랭크) ### **2. 분석 엔진별 주요 적중 포인트** #### **① 크로스채널 종합 판정 (8개 채널 교차 검증)** 여러 기술적 분석 지표가 동시에 '매수'를 가리킨 종목들이 실제 상승으로 이어졌습니다. * **스페이스아이디(ID):** 173점 (강력 추천) → **적중!** * *
308,4월13일 추천. 코인리스트,control_tower,컨트롤타워,"## **[오늘의 코인 리포트] 하락장 속에서도 터진 급등, ‘민지네 컨트롤타워’ 적중 내역 분석** **날짜: 2026년 4월 13일 (월)** **시장 상황: 비트/알트 조정 구간 (눌림목 관찰 필수)** 오늘 비트코인(-2.7%)과 알트코인(-3.1%) 전반이밀리는 **조정 구간**임에도 불구하고, 저희 **컨트롤타워 v3.0**"
308,4월13일 추천. 코인리스트,control_tower,컨트롤타워,"상황: 비트/알트 조정 구간 (눌림목 관찰 필수)** 오늘 비트코인(-2.7%)과 알트코인(-3.1%) 전반이밀리는 **조정 구간**임에도 불구하고, 저희 **컨트롤타워 v3.0** 엔진이 포착한 종목들은 업비트 상승률 상위권을 휩쓸며 압도적인 퍼포먼스를 보여주고 있습니다. 실시간 적중 내역 공유합니다. ### **1. 실시간 업비트 급등 종목 (LIVE)** 하락장 속에서도 거래대금이 몰리며 '나홀로 상승' 중인 종목들입니"
308,4월13일 추천. 코인리스트,control_tower,컨트롤타워,)** - 기대 반등 수치 +195.9%로 매우 높음. * **주의 사항:** 비트코인 강한 하락세이므로 분할 매수와 손절가 준수는 필수입니다. > **[민지네 컨트롤타워 v3.0]**은 데이터와 알고리즘으로 시장을 이깁니다. > 더 상세한 실시간 시그널은 하단 상담 링크를 확인해 주세요. > **상담문의:** [https://open.kakao.com/me/paming] > **오픈톡:** [https://open.kaka
308,4월13일 추천. 코인리스트,timeframe,타임프레임,천) → **저평가 구간 탈출 중** * **디카르고(DKA):** 166점 (강력 추천) → **세력 매집 확인 신호 발생** #### **② 하이퍼 씽크로 (타임프레임 동기화)** 단기(5분)부터 장기(4시간)까지 모든 추세가 정렬된 종목들입니다. * **센트리퓨즈(CFG):** 씽크점수 81점 (초강강매수 5/5) * **아하토큰(AHT):** 씽크점수 82점 (강력매수 3/5) #### **③ 알고리즘 기반 'Z-Sco
181,11월23일 브리핑,pct_value,EC,EC=94%
181,11월23일 브리핑,pct_value,EC,EC=8%
181,11월23일 브리핑,pct_value,ED,ED=0%
181,11월23일 브리핑,pct_value,OG,OG=14%
181,11월23일 브리핑,pct_value,14,14=73%
182,파밍 코인분석기 후기 [데이터 분석] 급등 신호 포착!,pct_value,EC,EC=94%
182,파밍 코인분석기 후기 [데이터 분석] 급등 신호 포착!,pct_value,EC,EC=8%
182,파밍 코인분석기 후기 [데이터 분석] 급등 신호 포착!,pct_value,ED,ED=0%
182,파밍 코인분석기 후기 [데이터 분석] 급등 신호 포착!,pct_value,CTC,CTC=+31%
182,파밍 코인분석기 후기 [데이터 분석] 급등 신호 포착!,pct_value,TOSHI,TOSHI=+13%
214,2025 추천 리스트,pct_value,19,19=43%
214,2025 추천 리스트,pct_value,28,28=25%
214,2025 추천 리스트,pct_value,100,100=0%
214,2025 추천 리스트,pct_value,23,23=56%
214,2025 추천 리스트,pct_value,0G,0G=+17.55%
216,11월 13일 오전 7시 58분 추천리스트 수익율 체크,pct_value,13,13=25%
216,11월 13일 오전 7시 58분 추천리스트 수익율 체크,pct_value,27,27=09%
216,11월 13일 오전 7시 58분 추천리스트 수익율 체크,pct_value,100,100=0%
216,11월 13일 오전 7시 58분 추천리스트 수익율 체크,pct_value,18,18=77%
216,11월 13일 오전 7시 58분 추천리스트 수익율 체크,pct_value,0G,0G=+18.23%
216,11월 13일 오전 7시 58분 추천리스트 수익율 체크,pct_value,EC,EC=94%
216,11월 13일 오전 7시 58분 추천리스트 수익율 체크,pct_value,EC,EC=8%
216,11월 13일 오전 7시 58분 추천리스트 수익율 체크,pct_value,ED,ED=0%
217,11월 11일 추천 코인 리스트 수익율 체크 (과거초기 분석 프로그램),pct_value,28,28=28%
217,11월 11일 추천 코인 리스트 수익율 체크 (과거초기 분석 프로그램),pct_value,112,112=75%
217,11월 11일 추천 코인 리스트 수익율 체크 (과거초기 분석 프로그램),pct_value,100,100=0%
217,11월 11일 추천 코인 리스트 수익율 체크 (과거초기 분석 프로그램),pct_value,DAO,DAO=+38.22%
217,11월 11일 추천 코인 리스트 수익율 체크 (과거초기 분석 프로그램),pct_value,32,32=33%
217,11월 11일 추천 코인 리스트 수익율 체크 (과거초기 분석 프로그램),pct_value,EC,EC=94%
217,11월 11일 추천 코인 리스트 수익율 체크 (과거초기 분석 프로그램),pct_value,EC,EC=8%
217,11월 11일 추천 코인 리스트 수익율 체크 (과거초기 분석 프로그램),pct_value,ED,ED=0%
218,11월25일 오후 6시 신형디커플링 추천리스트 3일 수익율 추적,pct_value,28,28=93%
218,11월25일 오후 6시 신형디커플링 추천리스트 3일 수익율 추적,pct_value,115,115=55%
218,11월25일 오후 6시 신형디커플링 추천리스트 3일 수익율 추적,pct_value,100,100=0%
218,11월25일 오후 6시 신형디커플링 추천리스트 3일 수익율 추적,pct_value,51,51=76%
218,11월25일 오후 6시 신형디커플링 추천리스트 3일 수익율 추적,pct_value,41,41=74%
221,7월15일 추천 리스트 3일간 인증,pct_value,37,37=21%
221,7월15일 추천 리스트 3일간 인증,pct_value,100,100=0%
221,7월15일 추천 리스트 3일간 인증,pct_value,15,15=60%
221,7월15일 추천 리스트 3일간 인증,pct_value,10,10=24%
222,7월10일 추천 리스트 3일간 인증,pct_value,36,36=13%
222,7월10일 추천 리스트 3일간 인증,pct_value,49,49=51%
222,7월10일 추천 리스트 3일간 인증,pct_value,100,100=0%
222,7월10일 추천 리스트 3일간 인증,pct_value,36,36=95%
222,7월10일 추천 리스트 3일간 인증,pct_value,21,21=92%
223,7월11일 추천 리스트 3일간 인증,pct_value,15,15=85%
223,7월11일 추천 리스트 3일간 인증,pct_value,70,70=81%
223,7월11일 추천 리스트 3일간 인증,pct_value,100,100=0%
223,7월11일 추천 리스트 3일간 인증,pct_value,19,19=29%
223,7월11일 추천 리스트 3일간 인증,pct_value,17,17=02%
224,7월13일 추천 리스트 3일간 인증,pct_value,11,11=23%
224,7월13일 추천 리스트 3일간 인증,pct_value,24,24=42%
224,7월13일 추천 리스트 3일간 인증,pct_value,100,100=0%
224,7월13일 추천 리스트 3일간 인증,pct_value,13,13=87%
224,7월13일 추천 리스트 3일간 인증,pct_value,13,13=19%
226,7월14일 추천 리스트 3일간 인증,pct_value,11,11=44%
226,7월14일 추천 리스트 3일간 인증,pct_value,18,18=85%
226,7월14일 추천 리스트 3일간 인증,pct_value,100,100=0%
226,7월14일 추천 리스트 3일간 인증,pct_value,XRP,XRP=+18.85%
226,7월14일 추천 리스트 3일간 인증,pct_value,15,15=38%
226,7월14일 추천 리스트 3일간 인증,pct_value,AI,AI=+14.68%
228,7월17일 추천 리스트 3일간 인증,pct_value,10,10=+11.96%
228,7월17일 추천 리스트 3일간 인증,pct_value,27,27=32%
228,7월17일 추천 리스트 3일간 인증,pct_value,100,100=0%
228,7월17일 추천 리스트 3일간 인증,pct_value,AI,AI=+17.66%
228,7월17일 추천 리스트 3일간 인증,pct_value,17,17=51%
229,7월18일 추천 리스트 3일간 인증,pct_value,10,10=+11.86%
229,7월18일 추천 리스트 3일간 인증,pct_value,20,20=96%
229,7월18일 추천 리스트 3일간 인증,pct_value,100,100=0%
229,7월18일 추천 리스트 3일간 인증,pct_value,15,15=14%
229,7월18일 추천 리스트 3일간 인증,pct_value,13,13=68%
230,7월19일 추천 리스트 3일간 인증,pct_value,10,10=+10.78%
230,7월19일 추천 리스트 3일간 인증,pct_value,32,32=37%
230,7월19일 추천 리스트 3일간 인증,pct_value,100,100=0%
230,7월19일 추천 리스트 3일간 인증,pct_value,24,24=74%
230,7월19일 추천 리스트 3일간 인증,pct_value,738,738=+10.94%
231,7월21일 추천 리스트 3일간 인증,pct_value,12,12=75%
231,7월21일 추천 리스트 3일간 인증,pct_value,34,34=48%
231,7월21일 추천 리스트 3일간 인증,pct_value,100,100=0%
231,7월21일 추천 리스트 3일간 인증,pct_value,27,27=95%
231,7월21일 추천 리스트 3일간 인증,pct_value,23,23=74%
237,7월22일 추천 리스트 3일간 인증,pct_value,11,11=13%
237,7월22일 추천 리스트 3일간 인증,pct_value,66,66=77%
237,7월22일 추천 리스트 3일간 인증,pct_value,100,100=0%
237,7월22일 추천 리스트 3일간 인증,pct_value,12,12=58%
238,7월23일 추천 리스트 3일간 인증,pct_value,10,10=01%
238,7월23일 추천 리스트 3일간 인증,pct_value,14,14=24%
238,7월23일 추천 리스트 3일간 인증,pct_value,100,100=0%
238,7월23일 추천 리스트 3일간 인증,pct_value,AI,AI=+12.91%
238,7월23일 추천 리스트 3일간 인증,pct_value,HUNT,HUNT=+11.40%
239,7월24일 추천 리스트 3일간 인증,pct_value,12,12=26%
239,7월24일 추천 리스트 3일간 인증,pct_value,100,100=0%
239,7월24일 추천 리스트 3일간 인증,pct_value,10,10=24%
240,7월 26일 추천 리스트 3일간 인증,pct_value,100,100=0%
262,코인분석기 3종,score_value,55,55=70
262,코인분석기 3종,score_value,31,31=45
262,코인분석기 3종,score_value,RSI,RSI=25
262,코인분석기 3종,score_value,RSI,RSI=20
262,코인분석기 3종,score_value,RSI,RSI=10
262,코인분석기 3종,score_value,10,10=15
262,코인분석기 3종,score_value,90,90=15
262,코인분석기 3종,score_value,80,80=12
262,코인분석기 3종,score_value,CCI,CCI=15
262,코인분석기 3종,score_value,100,100=12
262,코인분석기 3종,score_value,MFI,MFI=15
262,코인분석기 3종,score_value,10,10=12
262,코인분석기 3종,score_value,60,60=79
262,코인분석기 3종,score_value,40,40=59
262,코인분석기 3종,score_value,20,20=39
262,코인분석기 3종,pct_value,10,10=+15%
262,코인분석기 3종,pct_value,30,30=80%
262,코인분석기 3종,pct_value,24,24=-10%
262,코인분석기 3종,pct_value,10,10=0%
263,코인분석기 3종 프로그램 사용가이드,score_value,55,55=69
263,코인분석기 3종 프로그램 사용가이드,score_value,46,46=54
263,코인분석기 3종 프로그램 사용가이드,score_value,31,31=45
263,코인분석기 3종 프로그램 사용가이드,score_value,60,60=79
263,코인분석기 3종 프로그램 사용가이드,score_value,40,40=59
263,코인분석기 3종 프로그램 사용가이드,score_value,20,20=39
263,코인분석기 3종 프로그램 사용가이드,pct_value,10,10=+15%
263,코인분석기 3종 프로그램 사용가이드,pct_value,10,10=0%
293,텔레그램 급락 경고 시스템 분석 결과,score_value,HIGH,HIGH=98
293,텔레그램 급락 경고 시스템 분석 결과,score_value,95,95=100
293,텔레그램 급락 경고 시스템 분석 결과,score_value,80,80=94
293,텔레그램 급락 경고 시스템 분석 결과,score_value,50,50=79
308,4월13일 추천. 코인리스트,score_value,ULTRA,ULTRA=173
308,4월13일 추천. 코인리스트,score_value,ID,ID=173
308,4월13일 추천. 코인리스트,score_value,LPT,LPT=168
308,4월13일 추천. 코인리스트,score_value,DKA,DKA=166
308,4월13일 추천. 코인리스트,score_value,CFG,CFG=81
308,4월13일 추천. 코인리스트,score_value,AHT,AHT=82
308,4월13일 추천. 코인리스트,score_value,ANKR,ANKR=100
308,4월13일 추천. 코인리스트,score_value,KITE,KITE=90
308,4월13일 추천. 코인리스트,pct_value,ONG,ONG=+7.8%
308,4월13일 추천. 코인리스트,pct_value,ID,ID=+4.4%
308,4월13일 추천. 코인리스트,pct_value,IMX,IMX=+3.8%
308,4월13일 추천. 코인리스트,pct_value,MET2,MET2=+195.9%
