action_hits,content_type,crypto_context_hits,datetime_candidates,depth,description,error,external_link_count,external_links,first_scraped_at,hashtags,is_crypto_related,is_spam_like,is_usable_for_program,mentions,meta_error,ok,parent_url,post_id,requested_url,scraped_at,seed_url,seeds,source_kind,sources,status_code,strategy_score,strategy_tags,text,thread_post_url,thread_username,time_labels,title,url,username
3,text/html; charset=utf-8,2,,0,"기업은 지배구조가 있다. 한 사람이 다 독차지하는 것은 개인사업자이고, 법인이며 덩치가 클수록 동업자들과, 투자자와, 지분과, 많은 것들이 얽혀서 회사를 지배하게 된다. 이 세상도 똑같이 지배구조란 게 있다. 스케일의 차이일 뿐이지 구조는 같다.",,,,,,True,False,True,,,True,,,https://naver.me/x52czo1h,2026-04-20T03:10:07.335976+00:00,https://naver.me/x52czo1h,,external_link,,200,9,"['accumulation_dca', 'execution_discipline', 'risk_management']","기업은 지배구조가 있다. 한 사람이 다 독차지하는 것은 개인사업자이고, 법인이며 덩치가 클수록 동업자들과, 투자자와, 지분과, 많은 것들이 얽혀서 회사를 지배하게 된다. 이 세상도 똑같이 지배구조란 게 있다. 스케일의 차이일 뿐이지 구조는 같다.
투본의 투자노트 구독으로 더 많은 콘텐츠를 만나보세요!
채널을 구독하고 창작자의 콘텐츠를 응원해 주세요!
전주 월요일 00시부터 일요일 24시까지 집계한 결과입니다.
투자랑 트레이딩은 엄연히 다른 부분이다. 투자는 농사와 비슷하다 생각이 든다. 씨를 심을 때 씨를 심고, 작물이 열리면 거둬들이는, 농사야 말로 투자의 가장 좋은 표본이 아닐까 싶다. 그럼 어떻게 씨를 심고 과실을 거둬들일 수 있을까,! 투자를 할 때는 무조건 시야를 넓은 곳에서 > 좁은 곳으로 옮기는 게 좋다. 주식시장을 예를 들면, 어느 국가의 주식시장이 좋을 지 생각해보고, 시장을 골랐다면 그 다음 섹터를 고르고, 섹터 안에서 주도주를 찾거나 성장성이 높은 종목을 찾는 순서로 가야한다. 지금은 투자할 게 너~~무나도 많다. 조금만 공부하면 미국이든, 한국이든, 코인이든 기회가 아주 많다는 걸 알게 될 것이다. 하지만 대중들은 언제나 휩쓸린다. 내가 만약 'OOO'에 투자를 해야겠다 마음을 먹었으면 그게 실현이 되고 뉴스가 나고, 모두가 알
시나리오 1. 20대 예은이는 경기도 광주에 살지만 광주엔 뭐가 없어 주말이면 항상 핫한 팝업이 열리는 성수에 놀러가는 게 낙이었다. 하지만 화폐시스템이 바뀌자 성수에서 쓸 수 있는 토큰이 얼마 없어 이제는 돈을 모아야 놀러갈 수 있다. 토큰을 모으는 기간이 두 달이나 넘게 걸려 성수에 대한 열망이 점점 커지고 있다. 성수에 사는 남자와 결혼을 꿈꾼다. 광주사랑카드는 광주 내에서만 사용할 수 있을 뿐이다. 시나리오 2. 세혁씨는 에어컨 청소하는 일로 개인사업자를 내고 10년째 일을 해오고 있었다. 직업 특성 상 현금을 받는 일이 절반 이상이었다. 에어컨 청소는 가정집에서 1~2년 마다 하다보니 현금영수증이나 세금계산서를 요구하는 집은 거의 없었다. 하지만 화폐시스템이 변한 후로 지폐는 사람들이 이제 사용하지 않고 개인 지갑으로 토큰
사실 지금 국장은 이대로 올라가면 올라서 좋은 거고 내려가면 담을 기회가 있어서 좋다. 저번주는 국장 분위가 좋더니만, 이번 주말에 미국과 이란의 협상이 결렬되고 이번엔 미국이 호르무즈를 봉쇄(!)하는 조치까지 더해져 이번주는 국장에 악영향이 갈 확률이 높다. https://naver.me/5MvULg2E 내일 코스피가 하락한다면 일주일 전 올렸던 관점 시나리오로 갈 것이라 생각한다. https://naver.me/xD8syQIa 만약 시장이 하락한다면, 우리에겐 주요 기업들을 담을 수 있는 좋은 기회가 된다. 현재 한국의 경제는 국가주도로 가고 있으며 이미 국가가 정해놓은 정답지가 다 공개되어 있다. 그래서 국장의 섹터와 종목을 고르는 것은 참 쉽다고 생각하며, 단지 비중과 진입 타이밍, 분할매수와 매도 등을 컨트롤 하는 것이 관건이다. https://www.investkorea.org/ik-kr/index.do?clickArea=k
네.. 어그로 썸네일 좀 만들어보았습니다. 이렇게 보면 CBDC가 좀 무섭죠? 하지만 CBDC가 어떻게 시행되는 지, 우리나라의 미래 화폐 시스템은 어떻게 되는 지, 글을 읽으시면 불안이 없어지실거에요. https://naver.me/GbyE5Bkx 한국은 CBDC를 이제 본격, 시행할 것으로 보인다. CBDC 빌드업 뉴스들이 너무 많다. CBDC 구조를 설계한 차기 한은총재부터 여러 은행사들의 CBDC 협력, 계속 뿌려지는 지원금까지, 시스템은 하나하나 만들어지고 있다. 하지만 CBDC는 한국 정부가 독점적으로 진행하는 것은 아니다. 저번 엔드게임 글에서 설명했듯, 이 CBDC 시스템은 중앙은행들의 중앙은행인 BIS와 연결된다. BIS - 한국은행 - 시중은행의 수직 구조로 볼 수 있다. 한국은행은 CBDC, 즉 디지털화폐 시스템을 2021년부터 모의실험을 진행하기 시작했다. 코로나가 아직 한창이었을 때, 이미
아래는 내가 3년 전에, 그러니까 대중들이 AI 프로그램을 제대로 쓰기도 전에 쓴 글이다. 3년 전 나는 이 글을 쓰고 비트코인을 사기 시작하였다. 비트코인에 대한 강한 확신은 이 3개의 세상을 모두 보았었기 때문이었다. 나의 관점을 세상 전체를 볼 수 있는 시야로 확장했다면 이제 3개의 세상이 있다는 걸 알아야한다. 현실세계(3차원)을 기점으로 고차원인 정신세계(4차원), 저차원인 가상세계(2차원)이 있다. 이걸 학문적으로 다 다르게 부르는데 나는 이걸 정신세계 / 현실세계 / 가상세계라 부르겠다. 4차원, 정신세계, 비물질세계 > 3차원, 현실세계, 물질세계 > 2차원, 가상세계, 디지털 우리는 당연히 3차원의 세상인 현실세계에서 존재하고 살아가고 있다. 이는 물질세계라고 표현하기도 한다. 이 세계에서는 ‘물질’이 중요하기 때문이다. 사람
사실 지금 국장은 이대로 올라가면 올라서 좋은 거고 내려가면 담을 기회가 있어서 좋다. 저번주는 국장 분위가 좋더니만, 이번 주말에 미국과 이란의 협상이 결렬되고 이번엔 미국이 호르무즈를 봉쇄(!)하는 조치까지 더해져 이번주는 국장에 악영향이 갈 확률이 높다. https://naver.me/5MvULg2E 내일 코스피가 하락한다면 일주일 전 올렸던 관점 시나리오로 갈 것이라 생각한다. https://naver.me/xD8syQIa 만약 시장이 하락한다면, 우리에겐 주요 기업들을 담을 수 있는 좋은 기회가 된다. 현재 한국의 경제는 국가주도로 가고 있으며 이미 국가가 정해놓은 정답지가 다 공개되어 있다. 그래서 국장의 섹터와 종목을 고르는 것은 참 쉽다고 생각하며, 단지 비중과 진입 타이밍, 분할매수와 매도 등을 컨트롤 하는 것이 관건이다. https://www.investkorea.org/ik-kr/index.do?clickArea=k
네.. 어그로 썸네일 좀 만들어보았습니다. 이렇게 보면 CBDC가 좀 무섭죠? 하지만 CBDC가 어떻게 시행되는 지, 우리나라의 미래 화폐 시스템은 어떻게 되는 지, 글을 읽으시면 불안이 없어지실거에요. https://naver.me/GbyE5Bkx 한국은 CBDC를 이제 본격, 시행할 것으로 보인다. CBDC 빌드업 뉴스들이 너무 많다. CBDC 구조를 설계한 차기 한은총재부터 여러 은행사들의 CBDC 협력, 계속 뿌려지는 지원금까지, 시스템은 하나하나 만들어지고 있다. 하지만 CBDC는 한국 정부가 독점적으로 진행하는 것은 아니다. 저번 엔드게임 글에서 설명했듯, 이 CBDC 시스템은 중앙은행들의 중앙은행인 BIS와 연결된다. BIS - 한국은행 - 시중은행의 수직 구조로 볼 수 있다. 한국은행은 CBDC, 즉 디지털화폐 시스템을 2021년부터 모의실험을 진행하기 시작했다. 코로나가 아직 한창이었을 때, 이미
투자랑 트레이딩은 엄연히 다른 부분이다. 투자는 농사와 비슷하다 생각이 든다. 씨를 심을 때 씨를 심고, 작물이 열리면 거둬들이는, 농사야 말로 투자의 가장 좋은 표본이 아닐까 싶다. 그럼 어떻게 씨를 심고 과실을 거둬들일 수 있을까,! 투자를 할 때는 무조건 시야를 넓은 곳에서 > 좁은 곳으로 옮기는 게 좋다. 주식시장을 예를 들면, 어느 국가의 주식시장이 좋을 지 생각해보고, 시장을 골랐다면 그 다음 섹터를 고르고, 섹터 안에서 주도주를 찾거나 성장성이 높은 종목을 찾는 순서로 가야한다. 지금은 투자할 게 너~~무나도 많다. 조금만 공부하면 미국이든, 한국이든, 코인이든 기회가 아주 많다는 걸 알게 될 것이다. 하지만 대중들은 언제나 휩쓸린다. 내가 만약 'OOO'에 투자를 해야겠다 마음을 먹었으면 그게 실현이 되고 뉴스가 나고, 모두가 알
시나리오 1. 20대 예은이는 경기도 광주에 살지만 광주엔 뭐가 없어 주말이면 항상 핫한 팝업이 열리는 성수에 놀러가는 게 낙이었다. 하지만 화폐시스템이 바뀌자 성수에서 쓸 수 있는 토큰이 얼마 없어 이제는 돈을 모아야 놀러갈 수 있다. 토큰을 모으는 기간이 두 달이나 넘게 걸려 성수에 대한 열망이 점점 커지고 있다. 성수에 사는 남자와 결혼을 꿈꾼다. 광주사랑카드는 광주 내에서만 사용할 수 있을 뿐이다. 시나리오 2. 세혁씨는 에어컨 청소하는 일로 개인사업자를 내고 10년째 일을 해오고 있었다. 직업 특성 상 현금을 받는 일이 절반 이상이었다. 에어컨 청소는 가정집에서 1~2년 마다 하다보니 현금영수증이나 세금계산서를 요구하는 집은 거의 없었다. 하지만 화폐시스템이 변한 후로 지폐는 사람들이 이제 사용하지 않고 개인 지갑으로 토큰
이 글은 특히나 엄마들에게 유용한 글일 것이다. 곧 ‘고기전쟁’이 시작된다. 미국에서는 이미 그 조짐이 보이고 있는데 우리나라에선 아직 너무 조용하다. 미국에선 트럼프 정부의 로버트 F. 케네디 주니어 보건복지부 장관과 농무부 장관이 새로운 식단 지침을 발표한 뒤로, 고기 소비가 더 늘었다고 한다. 미국인들을 위한 새로운 식단 지침에 재밌는 건 ‘2025~2030‘이란 날짜가 붙는다는 것이다. 이는 단순히 트럼프의 임기를 뜻한 것도 아니고, 모든 계획이 2030에 맞춰져있는 것으로도 볼 수 있다. 2030년대에는 식단 지침을 바꿔야할 정도로 식량 가격이 폭등하는 거 아니겠지.. 라고 말하고 싶지만 그게 맞는 것 같다. 식단 지침에서는 대형 식품회사들의 초가공식품들을 피하라 권고하고 소고기, 돼지고기, 닭고기, 계란, 생선 등 고단백 원물을 강조",https://www.threads.com/@tuzagaboneup/post/DXUoZN0k2Mb,tuzagaboneup,,주식을 안 팔아도 되겠다란 생각,https://contents.premium.naver.com/tuboneup/tubone/contents/260420024717626vg,
5,text/html; charset=utf-8,1,,1,"Complete futures trading strategies and guide designed for beginners and experienced traders alike. Learn key strategies, explore how futures contracts work, and find out how to invest in futures with confidence on Gate Futures.",,,,,,True,False,True,,,True,https://www.gate.com,,https://www.gate.com/futures/trading-guide-for-beginners,2026-04-20T03:09:57.616166+00:00,https://gate.com,,external_link,,200,9,"['derivatives', 'risk_management', 'trend_breakout']","Magnify your profit with leverage
Trade any size with no fees and no slippage
Trade new tokens before listing
One margin balance, shared across platforms
Access hundreds of perpetual contracts
Maximize your capital efficiency
Introduction to Futures Trading
Learn the basics of futures trading
Join events to earn rewards
Use virtual funds to practice risk-free trading
Smart strategies with automated trading
Follow expert trading strategies
Query spot trading pair parameters
Learn about the basic futures features
Contract info, parameters, leverage & margin
Funding rates, futures data & index info
Margin rates, tiered margin & discount rates
Start Futures Trading Journey
Comprehensive mastery of futures trading skills
Become a Futures Trading Expert Step by Step!
Start here to improve your trading skills! Our Newbie Guide will equip you with the essential knowledge and practical tips to help you succeed in futures trading.
How to open a Gate futures account
What are perpetual futures
How to trade crypto futures on Gate
What’s the difference among futures trading, spot trading, and margin trading
Futures trading is a type of financial derivative trading where traders speculate on the price movement of underlying assets (such as cryptocurrency) by buying or selling contracts without actually holding them.
How to open a futures trading account?
After registering an account on Gate and completing identity verification, head to the futures trading page, follow the prompts to open a futures account and transfer funds.
What are perpetual and delivery futures?
Perpetual futures have no expiration date, allowing traders to hold positions indefinitely. Delivery futures have a fixed expiration date, and are settled according to the contract's terms at maturity.
How to calculate margin for futures trading?
Margin for futures trading depends on the leverage and the position value.
View Initial Margin Calculation for details.
How to set take-profit and stop-loss (TP/SL) conditions?
Users can set TP/SL prices when opening a position or during the holding period. When the market price reaches the preset level, an order with the preset parameters will be placed automatically.
Leverage allows traders to have a larger position with a smaller amount of margin. Higher leverage increases both potential returns and risks.
How are trading fees calculated?
Trading fees are based on the exchange's fee schedule and typically include fees for opening and closing positions. Detailed rates can be found on the exchange's official website.
Funding fees are payments made during the holding period of a perpetual contract to align the price of the contract with the spot market. These fees are typically paid every 4 or 8 hours.
How to view trading history?
Users can view detailed trading history on the futures trading page or in their personal account section, including open positions, closed positions, and trading fees.
How to trade/buy futures?
To trade cryptocurrency futures, you can start by registering on a platform such as Gate, funding your account, selecting a futures trading pair, and setting your leverage.
Based on market conditions, you can then open long or short positions. Be sure to set stop-loss orders to manage risk. As futures trading carries higher risk, it's recommended to understand the basics thoroughly before getting started.
How does futures trading work?
Futures trading allows you to speculate on cryptocurrency price movements using leverage. You do not actually own the underlying asset; instead, you trade contracts that track price changes. Your profit or loss depends on how the market moves after you open a position.
What are the most effective futures trading strategies for different market conditions?
When the market shows a clear uptrend or downtrend, trend-following strategies such as breakout trading or moving average crossovers can be effective. During range-bound or consolidating markets, range trading and short-term strategies tend to work better. When market volatility is high, it's important to reduce leverage and focus on risk management.
What should beginners know before starting futures trading?
Before entering the market, beginners should understand how leverage works, learn basic risk management principles, and start with small positions. It's recommended to practice using a demo account first, and never invest funds you cannot afford to lose.
Start Trading Crypto Futures On Gate
Register now to enjoy your digital currency journey with Gate",https://www.threads.com/@10satoshis/post/DGU7TfyodLJ,10satoshis,,Gate Futures Trading Strategies for Beginners and Experts | Gate.com,https://www.gate.com/futures/trading-guide-for-beginners,
4,text/html; charset=utf-8,1,,1,Pre-Market OTC is an over-the-counter trading service that allows users to buy and sell new tokens at expected prices and quantities before the tokens officially get listed in spot markets.,,,,,,True,False,True,,,True,https://www.gate.com,,https://www.gate.com/pre-market,2026-04-20T03:10:01.014251+00:00,https://gate.com,,external_link,,200,7,"['derivatives', 'risk_management']","Magnify your profit with leverage
Trade any size with no fees and no slippage
Trade new tokens before listing
One margin balance, shared across platforms
Access hundreds of perpetual contracts
Maximize your capital efficiency
Introduction to Futures Trading
Learn the basics of futures trading
Join events to earn rewards
Use virtual funds to practice risk-free trading
Smart strategies with automated trading
Follow expert trading strategies
Query spot trading pair parameters
Learn about the basic futures features
Contract info, parameters, leverage & margin
Funding rates, futures data & index info
Margin rates, tiered margin & discount rates
Pre-Market OTC is an over-the-counter trading service that allows users to buy and sell new tokens at expected prices and quantities before the tokens officially get listed in spot markets.
Pre-Market OTC is an over-the-counter trading service that allows users to buy and sell new tokens at expected prices and quantities before the tokens officially get listed in spot markets.
Pre-Market OTC User Guide
How to place a buy order as a maker?
How to place a buy order as a taker?
How to place a sell order as a maker?
How to place a sell order as a taker?
Click on ""Create Order"" and enter the amount and price in ""Buy"", then submit the order and complete the payment.
Wait for the seller. Once the seller accepts your order, you just have to wait for the delivery time.
You will receive tokens if the seller complete the delivery on time, otherwise you will receive an indemnity and the total amount you paid will be refunded.
Pre-Market OTC is an over-the-counter (OTC) trading service that allows investors to buy and sell new tokens before the tokens officially get listed.
What are the advantages of Pre-Market OTC?
Pre-Market OTC provides investors with a way to seize market opportunities before new tokens are officially listed.
Compared to post-launch trading, investors have the chance to acquire popular tokens on more favorable terms, potentially gaining a market edge.
How is delivery completed?
If you are a seller, ensure that you have enough tokens in your unified or spot account to fulfill your delivery obligation during the delivery period. Please wait patiently for the delivery time to come; your tokens will be securely transferred to the buyer's account, completing the delivery process.
If you are a buyer, just wait for the delivery time after your order has been filled. If the seller fulfills the order, you will receive the corresponding amount of tokens. If the seller defaults, you will receive compensation from the seller.
Is there a fee for failed delivery?
Yes. The fee is refunded only if the order is not filled or the token listing is canceled.
Can a filled order be canceled?
Filled orders cannot be canceled; please wait patiently for the delivery to be completed.
How is the LTV determined?
LTV takes into account various factors, including the riskiness of the token itself and the market conditions. Check the pre-market trading page for specific token information.",https://www.threads.com/@10satoshis/post/DGU7TfyodLJ,10satoshis,,Pre-Market OTC | Gate.com,https://www.gate.com/pre-market,
0,text/html; charset=utf-8,4,,1,매주 월요일 마다 거시 경제 및 암호화폐 시황을 정리하여 리포트를 발행하고 있습니다. AM 공식 채널 AM 공식 유튜브,,,,,,True,False,True,,,True,https://contents.premium.naver.com,,https://contents.premium.naver.com/ammanagement/am/contents/260420110455766hn,2026-04-20T03:10:08.406959+00:00,https://contents.premium.naver.com,,external_link,,200,4,"['macro_signal', 'trend_breakout']","9. BITCOIN 가격과 Asset Manager 포지션 비교
10. U.S Bitcoin ETF Holdings
에이엠매니지먼트 (AM) 구독으로 더 많은 콘텐츠를 만나보세요!
채널을 구독하고 창작자의 콘텐츠를 응원해 주세요!
[다시 보기] 비트코인 현물 ETF 승인! 향후 가격 전망은? 이슈 및 차트 분석 특집 라이브
[다시 보기] 비트코인, 9만 달러 돌파 가능할까? 도미넌스가 핵심 변수
[다시 보기] 비트코인, 2021년말 확장 플랫 패턴과 유사…CME 갭 주목
[다시 보기] 비트코인, 단기 횡보…엔비디아·PCE가 향방 결정
비트코인, 30일선 재안착 이후 반등 지속 여부 주목
창작자가 추천하는 무료 콘텐츠를 더 확인해 보세요!
[다시 보기] 비트코인 현물 ETF 승인! 향후 가격 전망은? 이슈 및 차트 분석 특집 라이브
[다시 보기] 비트코인, 9만 달러 돌파 가능할까? 도미넌스가 핵심 변수
[다시 보기] 비트코인, 2021년말 확장 플랫 패턴과 유사…CME 갭 주목",https://www.threads.com/@tuzagaboneup/post/DXUoZN0k2Mb,tuzagaboneup,,AM WEEKLY REPORT 4월 4주차,https://contents.premium.naver.com/ammanagement/am/contents/260420110455766hn,
2,,2,['2026-04-14T22:32:16.000Z'],,,,0,[],2026-04-20T02:54:26.935822+00:00,[],True,False,True,[],,,,DXIQNC8Esve,,,,['암호화폐'],threads_post,['search'],,4,['execution_discipline'],"비트코인 급등 이유는?

사람들이 억지로 사게 만들어서 오름.

7만6천 달러를 찍은 상승

겉으로 보면 호재

근데 실제로는 공매도 6.5억 달러 청산",,,['5일'],블록체인 (@bc_co_kr) on Threads,https://www.threads.com/@bc_co_kr/post/DXIQNC8Esve,bc_co_kr
1,text/html; charset=utf-8,2,,0,"콘텐츠가 올바른 가치로 평가되고 공유되는 곳, 프리미엄콘텐츠",,,,,,True,False,True,,,True,,,https://contents.premium.naver.com,2026-04-20T03:10:07.590398+00:00,https://contents.premium.naver.com,,external_link,,200,3,['execution_discipline'],"손익비가 좋은 자리의 종목을 선별하여 관점 및 상세한 트레이딩 전략을 제공하고 있습니다.
주식 제대로 배워서 수익 낼 수 있습니다. //
과음, 해외살이, 창업, 육아 등 다양한 주제의 일상툰을 만나보세요
국내 탑트레이더들의 스승이자 20년 경력의 수급매매 창시자 수급단타왕, 키움증권 실전투자대회 2023년 1억리그 1위 (수익률 438%) 외 다수 우승 경력의 20대 트레이더 만쥬
계좌가 검증된 탑트레이더들의 시장을 보는 방법과 매매 노하우를 전부 알려드립니다.
하보노의 주식이야기는 주식에 대한 시황, 산업 분석, 뉴스 마음 다지기 등 다양한 내용에 대한 내용을 서술합니다.
미국 주식, 매크로 지표 등 다양한 내용을 바탕으로 당일 시황에 대한 정리를 진행합니다. 장전, 마감 시황을 중심으로 진행이 될 예정입니다.
산업에 대한 공부를 진행하고 이에 대한 인사이트를 공유합니다. 산업리포트 등 읽어볼만한 내용 있다면 이에 대한 타이틀도 소개합니다.
당일 읽어볼만한 뉴스와 이를 통해 활용해볼 수 있는 투자 연결고리를 찾아봅니다.
좋은 투자는 파동 분석에서 시작되고, 타이밍에서 완성됩니다.
파동투자연구소는 펀더멘털 분석과 차트 매매전략을 결합한 실전 투자 리서치 채널입니다. 파동으로 시장의 흐름 속에서 최적의 진입 시점을 찾아갑니다.
[Jonny의 뉴스컷]- 이란 전쟁 내부정보 유출 의혹
김애란 작가가 말하는 AI와 인간의 차이: '망설임'이 만드는 감정의 깊이
[Jonny의 뉴스컷]- 식료품 가격은 이제부터 오르기 시작
4월 셋째주 주간결산 (한주 놓쳤다면 이것만 보세요)
주식만 혼자 올라갔다 (나머지 셋이 아는 것)
강제인가를 기대하기 전에 대표이사가 먼저 준비해야 할 것들: 법인회생·기업회생·간이회생·일반회생 실무 체크리스트
[뉴욕 주간 프리뷰] 호르무즈 재봉쇄 '긴장' ①녹록지 않은 실적 시즌
올해는 월드컵의 해, ""클럽 로고 카드의 밸류는 어느 정도일까요?""
[뉴욕 주간 프리뷰] 호르무즈 재봉쇄 '긴장' ②녹록지 않은 실적 시즌
더 커질 필요 없다. 더 '나'다워지면 된다-'피터드러커 1인 기업 성공 법칙'
보험전문변호사, 보험금 지급 거절·감액 변호사 선임 전에 알아야 할 유형별 대응법은
“카페야 사무실이야?”…카공족 성지된 봉천동, 작업형 카페상권 부상
덕테이프(Duct Tape) AI 뭐길래? 사람이 하던 디자인 마지막 단계까지 넘어왔습니다...
【주식회사 아메리카】 9. 노예제는 핑계였다, 미국이 피를 흘린 진짜 이유 1
“AI의 가치는 비용 절감이 아니다”… Nestlé CIO가 말하는 진짜 효율의 기준
호르무즈 해협 개방 선언에 급등.. 테슬라 400달러선 복귀 (2026.04.17)
해외는 전문가, 국내는 관료?…한국거래소 낙하산 논란 재점화
HD현대일렉트릭 역-DCF 분석 ; 시총 27.8조원이 요구하는 기대수익율(CAGR)을 산출해 보기
광동성(廣東省) 6. 칭위엔시(淸遠市) 띠샤허(地下河, 지하하) 관광 경관구역
2026년4월20일(월) 비트코인 중요한 구간 입니다.
미국 정부가 하루 800억씩 돈 복사하는 동안 비트코인만 혼자 올라가고 있는 충격적인 이유
사모 신용은 제2의 2008년 금융 위기를 부를 것인가?
이란, 2차 회담 거부 / 실시간 국제유가, 해외 증시
26년 4월 20일 📰 안장 출근길 뉴스클리핑
우주 위클리: 점점 더 확신이 깊어지는 Rocket Lab의 장기 투자 포텐셜
86번가 위클리 (2026년 4월 셋째 주) - 누가 의장인가
알파셀렉션의 첫번째 팔로우업 리포트 (삼성전기)
2026년 3차 경기도 의정부시 민생회복 고유가 피해 지원금 대상자 신청방법 지급 기간 날짜 일정
2026년 청년운전면허 지원금 신청 방법 30만원
990사주아이 사이트 하는법 보는법 ( 사주, 궁합, 운세 )
인스타 스토리 몰래보기 사이트 추천 및 인스타그램 익명 확인법 정리
워드프레스, 블로그스팟, 티스토리 등 사이트 구축 툴을 활용하여 온라인 수익화까지 이어질 수 있도록 돕는 채널입니다. 구조, 컨텐츠, 분석, 최적화 등 여러 내용을 다룹니다.
생활정보인사이트는 바쁜 일상 속에서 꼭 알아야 할 실속 정보를 한곳에 모아 전하는 콘텐츠 채널입니다. 지원금, 금융, 보험, 건강, 자동차, 부동산, 교육, 기술, 여행 등 다양한 분야의 정보를 쉽고 정확하게 정리해 드립니다.
유튜브 10만·네이버 카페 4만, 『하루 10분 매일 월급 버는 기적의 매매 공식』저자 책읽는 전업투자자입니다. 책전주식의 관점을 이 채널에서 매일 전해드립니다. 실전 스윙투자, 단타매매, 종목선정, 차트분석, 검색식, AI 주식투자 자동화 등 모든 전업투자에 필요한 지식과 노하우를 자세하게 알려드립니다. 여유로운 전업투자자의 길을 같이 걷고 싶은 분을 기다립니다.
스몰 뷰티 브랜드를 위한 인사이트를 공유합니다.
AI를 실무에 연결하고 싶은 분께 도움이 되고자 합니다
안녕하세요. 핫토픽 밸류체인 인사이트 | Ironbridge Initiative 입니다.
이 채널은 최근 주목받는 핵심 기술 테마를 선정해 산업의 밸류체인을 구조적으로 분석하고, 실제로 가치와 협상력이 집중되는 영역, 주요 기업의 포지션, M&A 및 산업 재편 흐름, 신규 진입 기회를 함께 해석하는 리서치 채널입니다.
단순한 뉴스 요약이나 테마 소개에 그치지 않고, 어디에서 경제적 가치가 발생하는지, 어떤 공급망 위치가 더 높은 수익성과 경쟁우위를 가지는지, 산업 변화 속에서 어떤 사업 기회가 열리는지를 살펴봅니다.
차트보다 산업, 뉴스보다 밸류체인, 유행보다 구조를 중시하며, 독자와 실무자가 산업 변화의 본질과 전략적 시사점을 읽는 데 필요한 인사이트를 제공합니다.
모두가 풍요롭게 살기 좋은 세상을 꿈꾸며, 우리 삶을 위해 꼭 필요한 정보만을 선별해 전달합니다.
편리함이라는 마케팅 뒤에 숨겨진 화학적 기만을 폭로하고, 데이터 기반의 이성적인 방어선을 구축합니다.
우리가 발을 딛고 서 있는 도심은 이미 거대한 독소의 바다입니다. 4,000원짜리 생수 속에 담긴 24만 개의 미세 플라스틱, 우아한 티타임 뒤에 숨겨진 116억 개의 나노 입자, 그리고 폐가전 제품의 잔해로 만들어진 배달 음식의 검은 용기까지. 자본이 설계한 '상쾌함'과 '편리함'은 당신의 생존을 책임지지 않습니다.
Toxin Free Path(TFP)는 타인의 시선이나 근거 없는 마케팅 대신, 데이터와 과학을 신뢰합니다.
숨은 지원금을 발견하고 재정적 자유로 나아가는 연구소, 프리머니랩.
이곳에서는 정부 지원금, 정책 혜택, 재테크 및 비즈니스 정보를 체계적으로 분석하여 제공합니다. 복잡한 제도를 누구나 이해할 수 있도록 쉽게 정리하고, 실제로 활용할 수 있는 실전 가이드를 제시합니다.
정확한 정보와 깊이 있는 분석을 통해 구독자 여러분이 경제적 기회를 놓치지 않도록 돕겠습니다.
어제까지 몰라서 놓쳤던 정부지원금, 오늘도 그냥 지나치실 건가요?
복잡하고 어려운 정책 뉴스를 읽기 쉽게 요약하여, 여러분의 통장에 실질적인 도움이 되는 정보만 골라 전해드립니다.
1) 놓치면 손해인 최신 정부지원금 & 환급금 소식
2) 알면 돈 버는 자격증 등 자기 계발 정보
3) 일상에서 바로 써먹는 생활 밀착형 금융 팁
4) 소소하지만 일상에 필요한 각종 정보들 (직무교육부터 소확행 예약팁들까지)
* 단순한 정보 전달을 넘어, 여러분이 바로 실행하실 수 있도록 돕겠습니다.
지금 구독하고, 매일 아침 당신의 경제적 자유를 앞당기는 가장 확실한 정보를 받아보세요!
저는 학점은행제, 자격증 준비, 편입/대학원 진학 등 여러 교육 경로를 고민하는 분들이 보다 정확한 정보를 바탕으로 자신의 방향을 선택할 수 있도록 돕는 일을 하고 있습니다.
이 채널에서는 단순한 정보 나열이 아닌, 변화하는 제도와 대학 요강을 이해하기 쉽게 해석하고 현실적인 해결책들로 풀어내려 합니다. 각자의 상황에 맞는 선택을 할 수 있도록 검증된 가이드와 인사이트를 제공하는 것이 목표입니다.
위스키를 좋아하다 보면 결국 마주하게 되는. 좋은 병은 많은데, 어떤 이야기를 먼저 읽어야 할지 알기 어렵고, 흩어진 정보만 따라가다 보면 취향도 기준도 쉽게 흔들립니다. 이 채널은 그런 순간에 조금 더 천천히, 조금 더 깊게 위스키를 읽기 위해 만든 공간입니다. 새로운 소식 하나를 보더라도 그 뒤에 있는 브랜드의 시간, 지역의 공기, 시장의 흐름, 그리고 한 잔이 만들어지는 맥락까지 함께 전하고자 합니다. 빠르게 소비되고 사라지는 정보보다 오래 남는 취향과 시선을 건네는 것, 그래서 이 채널의 글은 위스키를 더 많이 아는 데서 끝나지 않고 더 깊이 좋아하게 만드는 읽을거리가 되고자 합니다.
[나와 가족 교구 도안] 반짝! 우리 몸 탐험대 | 빛으로 보는 우리 몸
2027학년도 수능특강 [화법과 작문] 변형문제 - 2부 - [화법 1 ~ 화법 4] ""통합 결제"" (1강 10문항, 총 40문항)
2027학년도 수능특강 [화법과 작문] 변형문제 - 2부 - 화법 1 (2지문, 총 10문항)
2027 수능특강 화작, <화법 1강-냄새와 후각에 대한 발표> 해설 및 변형 문제
2027학년도 수능특강 [화법과 작문] 변형문제 - 2부 - [작문 1 ~ 작문 4] ""통합 결제"" (1강 10문항, 총 40문항)
2027학년도 수능특강 [화법과 작문] 변형문제 - 2부 - 작문 1 (2지문, 총 10문항)
2027학년도 수능특강 [화법과 작문] 변형문제 - 2부 - [화법 1 ~ 화법 8] ""통합 결제"" (1강 10문항, 총 80문항)
2027학년도 수능특강 [화법과 작문] 변형문제 - 2부 - 화법 2 (2지문, 총 10문항)
2027학년도 수능특강 [화법과 작문] 변형문제 - 1/2권 ""통합 결제"" (1부, 화법 1~8, 작문 1~6) (1강 10문항, 총 170문항)
2027학년도 수능특강 [화법과 작문] 변형문제 - 2부 - 작문 2 (2지문, 총 10문항)
2027학년도 수능특강 [화법과 작문] 변형문제 - 2부 - 통합 1 (7문항)
2027학년도 수능특강 [화법과 작문] 변형문제 - 1부 - 1강~3강 ""통합 결제"" (1강 10문항, 총 30문항)
[안내] 네이버페이 점검으로 인한 서비스 일시 중단 (4/18) (완료)",https://www.threads.com/@tuzagaboneup/post/DXUoZN0k2Mb,tuzagaboneup,,네이버 프리미엄콘텐츠,https://contents.premium.naver.com,
1,,2,['2026-04-19T23:42:11.000Z'],,,,0,[],2026-04-20T02:55:52.292694+00:00,[],True,False,True,[],,,,DXVQRmPkvm2,,,,['cryptohouzi'],threads_post,['profile'],,3,['execution_discipline'],"1. 이더리움 리스테이킹 프로토콜인 Kelp DAO에서 rsETH 관련 의심스러운 크로스체인 활동이 포착되었습니다. 이로 인해 메인넷 및 여러 레이어2(L2)의 rsETH 계약이 즉시 중단되었으며 현재 공격 사건에 대한 조사가 진행 중입니다.

2. Kelp DAO 사태의 여파로 대출 플랫폼인 Aave에서 하루 만에 약 66억 달러(한화 약 9조 원)의 자금이 빠져나갔습니다. 이 중 절반인 33억 달러가 스테이블코인이며, Aave의 거버넌스 토큰인 AAVE 가격 또한 하루 만에 18% 이상 급락했습니다.

3. Spark Protocol의 전략 책임자는 rsETH 보안 사고가 단순 사고를 넘어 스테이블코인 시장의 유동성을 위축시키고 있으며, 이로 인해 DeFi 전체 시장에 '등급별 연쇄 청산 위기'가 닥칠 수 있다고 경고했습니다.",,,['3시간'],CryptoHouzi (@cryptohouzi) on Threads,https://www.threads.com/@cryptohouzi/post/DXVQRmPkvm2,cryptohouzi
1,,2,['2026-04-18T23:32:56.000Z'],,,,0,[],2026-04-20T02:55:52.292694+00:00,[],True,False,True,[],,,,DXSqcZfEnud,,,,['cryptohouzi'],threads_post,['profile'],,3,['macro_signal'],"1. 중동 지역의 갈등이 다시 격해지면서 비트코인 가격이 약 7.6만 달러 선으로 하락했습니다. 특히 이란 해군이 호르무즈 해협을 다시 폐쇄하고 모든 선박의 통행을 금지한다는 소식이 시장에 큰 충격과 변동성을 불러일으키고 있습니다.

2. 대외적인 불안 요소에도 불구하고, 비트코인 현물 ETF에는 어제 하루 동안 6.64억 달러가 순유입되었습니다. 이는 4일 연속 순유입세를 기록한 것으로, 기관 투자자들의 강력한 매수세가 하방 지지선을 형성하고 있음을 보여줍니다.

3. 이더리움 현물 ETF 역시 1.27억 달러의 순유입을 기록하며 7일 연속 자금 유입세를 이어갔습니다. 비트코인과 마찬가지로 이더리움에 대한 기관의 장기적인 신뢰가 지속되고 있습니다.

🔗 상세 내용은 PANews, BlockBeats 원문 참고",,,['1일'],CryptoHouzi (@cryptohouzi) on Threads,https://www.threads.com/@cryptohouzi/post/DXSqcZfEnud,cryptohouzi
1,,2,['2026-02-07T07:06:49.000Z'],,,,0,[],2026-04-20T02:52:51.528277+00:00,[],True,False,True,[],,,,DUcp1A7kUM_,,,,['crypto trading'],threads_post,['search'],,3,['execution_discipline'],"$BTC sorry guys I don't make the rules.

I was off by $2K, but I managed to predict this in November 2024. 

In the meantime I was away from crypto, trading only stocks. 

This helped my sanity alot to be buying stuff that don't crash -50% in 1 day.",,,['2026-02-07'],Ben // Tradenalytics (@tradenalytics) on Threads,https://www.threads.com/@tradenalytics/post/DUcp1A7kUM_,tradenalytics
1,,1,['2026-04-19T23:42:11.000Z'],,,,0,[],2026-04-20T02:55:52.292694+00:00,[],True,False,True,[],,,,DXVQW6eEoHs,,,,['cryptohouzi'],threads_post,['profile'],,3,['execution_discipline'],"💡개인적 견해 : 미국과 이란의 협상이 난항을 겪고 있는 가운데 이더리움 리스테이킹 프로토콜인 Kelp DAO 사태가 터지며 시장에 영향을 미치고 있습니다. 이로써 최소저항선을 지지하며 상승하던 시세가 눌리며 연쇄 청산의 위험이 불거지고 있습니다. 크립토 투자자는 며칠 간 심한 변동성에 노출될 수 있으니 유의해야 할 것으로 보입니다.

 🔗 상세 내용은 PANews, BlockBeats 원문 참고",,,['3시간'],CryptoHouzi (@cryptohouzi) on Threads,https://www.threads.com/@cryptohouzi/post/DXVQW6eEoHs,cryptohouzi
1,,3,['2026-04-19T08:38:01.000Z'],,,,0,[],2026-04-20T02:51:11.206881+00:00,[],True,False,True,[],,,,DXQOU6SAVKp,,,,"['#bitcoin', 'lastdance2050']",threads_post,"['search', 'profile']",,3,['risk_management'],"$BTC

비트코인 달라진 것은 없었고 뻔한자리

1월 말에 있었던 97k처럼 78k까지 올리는 것은 충분히 가능한 구간이였고 테스트 자리였음

올릴때 마다 공매도로 대응하여 매집했을 때 오히려 리스크가 거의 없는 구간임

이제는 84k CME gap 채우러 간다고 하지만 모두가 생각하고 원하는 자리는 도달하기 어려울 가능성이 크다

상승에 대한 되돌림으로 이제부터 하방으로 내려갈 것",,,['18시간'],LastDance (@lastdance2050) on Threads,https://www.threads.com/@lastdance2050/post/DXQOU6SAVKp,lastdance2050
1,,4,['2026-04-17T00:46:18.000Z'],,,,0,[],2026-04-20T02:50:34.536777+00:00,[],True,False,True,[],,,,DXNpIYnkhMy,,,,"['ethereum', 'cryptohouzi']",threads_post,"['search', 'profile']",,3,['execution_discipline'],"크립토 '핵심 뉴스' 딱 3가지만 챙겨가세요!✅

📉 미 국회 'CLARITY Act(가상자산 법안)' 협상 최종 단계 진입

📉 모건스탠리 디지털 자산 책임자, ""가상자산은 이제 기업의 일상적 비즈니스""

📉 ETH/BTC 비율 10주 최고치 기록… ""이더리움의 반격 시작""",,,['3일'],CryptoHouzi (@cryptohouzi) on Threads,https://www.threads.com/@cryptohouzi/post/DXNpIYnkhMy,cryptohouzi
1,,3,['2026-04-19T22:30:36.000Z'],,,,0,[],2026-04-20T02:55:44.613018+00:00,[],True,False,True,[],,,,DXVIAPjAVch,,,,['easyinvest2040'],threads_post,['profile'],,3,['execution_discipline'],"(2/2)

비트코인 = 가치 저장 수단 용도
이더리움 = RWA 플랫폼 + 가치저장 + DeFi 담보 + 스테이킹 이자수익

블랙록 $2.3B 진입
JP모건·UBS 파일럿 진행 중
스탠차드 2030년 토큰화 시장 30조 달러 전망",,,['4시간'],쉬운투자 (@easyinvest2040) on Threads,https://www.threads.com/@easyinvest2040/post/DXVIAPjAVch,easyinvest2040
1,,2,['2026-04-19T23:42:11.000Z'],,,,0,[],2026-04-20T02:55:52.292694+00:00,[],True,False,True,[],,,,DXVQLfIku9s,,,,['cryptohouzi'],threads_post,['profile'],,3,['execution_discipline'],"크립토 '핵심 뉴스' 딱 3가지만 챙겨가세요!✅

📉 Kelp DAO 보안 사고 및 rsETH 계약 중단

📉 Kelp DAO 사태 여파로 Aave 자금 대규모 유출 (약 66억 달러)

📉 DeFi 시장 연쇄 청산 위기 경고",,,['3시간'],CryptoHouzi (@cryptohouzi) on Threads,https://www.threads.com/@cryptohouzi/post/DXVQLfIku9s,cryptohouzi
