post_id,date,category,title,url,text_len,image_count,is_algo_explainer,algo_level_hint,has_returns_record,has_summary_record
1,2025-05-04T00:31:55+09:00,매출 폭발 마케팅 실전기,"하루 20개 노출, 카페 키워드 설정법 3가지",https://mingogogo.tistory.com/1,1745,2,N,,N,N
4,2025-05-04T04:12:03+09:00,부업으로 월100만 프로젝트,하루 1시간 부업 해서 꾸준한 부 수입 만들기.,https://mingogogo.tistory.com/4,1573,4,N,,N,N
5,2025-05-04T04:43:52+09:00,부업으로 월100만 프로젝트,"하루 1시간, 당장 돈 되는 부업 5가지",https://mingogogo.tistory.com/5,1954,4,N,,N,N
6,2025-05-04T05:07:19+09:00,부업으로 월100만 프로젝트,"당근마켓 월 50만, 이렇게 5단계로 만듭니다.",https://mingogogo.tistory.com/6,2283,3,N,,N,N
7,2025-05-04T05:37:03+09:00,부업으로 월100만 프로젝트,지금 당근 시작해야 하는 3가지 이유,https://mingogogo.tistory.com/7,1633,3,N,,N,N
10,2025-05-04T18:27:13+09:00,매출 폭발 마케팅 실전기,"블로그 상위노출,  안되는데 왜일까?",https://mingogogo.tistory.com/10,1888,4,N,,N,N
11,2025-05-05T10:03:30+09:00,코인 프로그램 인증,쓰레드 운영하며 느낀 18가지 핵심,https://mingogogo.tistory.com/11,1421,3,N,,N,N
12,2025-05-10T00:27:40+09:00,매출 폭발 마케팅 실전기,고깃집 마케팅 방법 이렇게 해보자~!,https://mingogogo.tistory.com/12,2244,2,N,,N,N
14,2025-05-10T20:23:59+09:00,매출 폭발 마케팅 실전기,소상공인 마케팅 매출 대박 나는 비결,https://mingogogo.tistory.com/14,1355,2,N,,N,N
15,2025-05-10T20:39:53+09:00,매출 폭발 마케팅 실전기,브랜딩 왜 해야될까? (장사나 SNS 하시는분들 필독),https://mingogogo.tistory.com/15,774,2,N,,N,N
16,2025-05-11T00:36:24+09:00,매출 폭발 마케팅 실전기,‘가치 중심 판매법’ 이걸로 매출이 달라진다 1부,https://mingogogo.tistory.com/16,1501,2,N,,N,N
17,2025-05-11T00:45:20+09:00,매출 폭발 마케팅 실전기,고객이 알아보게 만드는 ‘가치 포장법’ 2부,https://mingogogo.tistory.com/17,1323,2,N,,N,N
18,2025-05-11T00:58:51+09:00,매출 폭발 마케팅 실전기,오래가는 브랜드의 공통점 (가치전달 )  3부,https://mingogogo.tistory.com/18,1018,3,N,,N,N
19,2025-05-11T02:21:29+09:00,매출 폭발 마케팅 실전기,불황에도 돈 버는 사람들의 진짜 비결?,https://mingogogo.tistory.com/19,1157,1,N,,N,N
20,2025-05-11T11:35:10+09:00,카테고리 없음,"창업지원금, 정부지원  ,조건확인""신청방법""",https://mingogogo.tistory.com/20,1196,3,N,,N,N
21,2025-05-12T21:51:39+09:00,매출 폭발 마케팅 실전기,"소상공인 동네 홍보 전략 ""당근 마켓"" 무료 홍보",https://mingogogo.tistory.com/21,1628,5,N,,N,N
22,2025-05-12T22:11:09+09:00,매출 폭발 마케팅 실전기,본능 자극하는 10가지 심리 코드 (예시 포함),https://mingogogo.tistory.com/22,1266,3,N,,N,N
23,2025-05-14T22:15:20+09:00,매출 폭발 마케팅 실전기,"매출 만드는 마케팅, 3가지",https://mingogogo.tistory.com/23,1948,3,N,,N,N
24,2025-05-16T20:42:01+09:00,매출 폭발 마케팅 실전기,"치킨집 ""홍보방법"" ""홍보전략"" 7가지!!",https://mingogogo.tistory.com/24,891,3,N,,N,N
25,2025-05-17T00:15:02+09:00,매출 폭발 마케팅 실전기,"옷가게, 마케팅 온라인 홍보로 매출 올리는 방법.",https://mingogogo.tistory.com/25,1219,3,N,,N,N
26,2025-05-17T10:28:41+09:00,매출 폭발 마케팅 실전기,검색으로 시작되는 마케팅 구조 고객은 왜 검색만 믿을까?,https://mingogogo.tistory.com/26,1222,4,N,,N,N
27,2025-05-17T21:55:30+09:00,부자 되는 방법,부자 되는 방법 부를 쌓는 17가지 패턴,https://mingogogo.tistory.com/27,1675,4,N,,N,N
28,2025-05-18T00:59:21+09:00,부업으로 월100만 프로젝트,"부업 ""월50만원"" 가능합니다 ""투잡커넥트""!!",https://mingogogo.tistory.com/28,1138,4,N,,N,N
29,2025-05-19T21:47:04+09:00,매출 폭발 마케팅 실전기,고깃집 선택할 때 꼭 확인해야 할 7가지 기준,https://mingogogo.tistory.com/29,1318,4,N,,N,N
30,2025-05-23T00:41:41+09:00,매출 폭발 마케팅 실전기,무료 배송이 더 비싼 이유/판매자가 배송비로 돈 버는 법,https://mingogogo.tistory.com/30,1015,2,N,,N,N
31,2025-06-02T22:26:23+09:00,카테고리 없음,"인생 철학 ""이하영 작가"" 요약",https://mingogogo.tistory.com/31,45,0,N,,N,N
44,2025-06-20T12:06:25+09:00,일회용 그릴 파밍 제작 판매,그릴 개발완료,https://mingogogo.tistory.com/44,0,5,N,,N,N
46,2025-07-06T16:32:56+09:00,일회용 그릴 파밍 제작 판매,민지네 그릴 특허제품 장점!,https://mingogogo.tistory.com/46,2188,6,N,,N,N
53,2025-07-14T05:54:33+09:00,코인 프로그램 인증,코인 프로그램 테스트 결과 10시간 경과,https://mingogogo.tistory.com/53,575,1,N,,N,N
56,2025-07-17T04:32:52+09:00,코인추천,7월17일 코인 추천 리스트,https://mingogogo.tistory.com/56,41,5,N,,N,N
58,2025-07-30T21:20:49+09:00,일회용 그릴 파밍 제작 판매,일회용인데 재사용 가능? 민지네그릴 후기,https://mingogogo.tistory.com/58,964,5,N,,N,N
59,2025-08-02T01:36:13+09:00,코인추천,업비트 코인 메타 정리,https://mingogogo.tistory.com/59,1809,0,N,,N,N
60,2025-08-02T04:04:51+09:00,코인 강의(공부하기),업비트 원화 마켓 코인 테마별 정리,https://mingogogo.tistory.com/60,2519,0,N,,N,N
61,2025-08-02T07:12:40+09:00,코인추천,AI코인 정리 코인테마 공부하기!,https://mingogogo.tistory.com/61,2893,0,N,,N,N
64,2025-09-01T20:47:17+09:00,코인 프로그램 유료버전,실시간 코인분석기,https://mingogogo.tistory.com/64,2751,3,N,,N,N
65,2025-09-03T01:37:39+09:00,부자 되는 방법,내가 사는이유. 내가 성공할수 밖에 없는이유.,https://mingogogo.tistory.com/65,2181,2,N,,N,N
66,2025-09-04T12:16:54+09:00,카테고리 없음,이더리움 850억 규모 매각 관점 시나리오2가지,https://mingogogo.tistory.com/66,2709,0,N,,N,N
67,2025-09-05T22:17:39+09:00,코인 프로그램 유료버전,파밍 코인분석기 사용법 가이드,https://mingogogo.tistory.com/67,1393,4,N,,N,N
68,2025-09-06T15:02:10+09:00,코인 프로그램 유료버전,단타 프로그램 백프로밍(파밍) 제작,https://mingogogo.tistory.com/68,1785,5,N,,N,N
71,2025-09-08T20:36:55+09:00,코인 강의(공부하기),비트코인 이더리움 알트코인 상관관계,https://mingogogo.tistory.com/71,1145,4,N,,N,N
75,2025-09-10T02:14:50+09:00,코인 프로그램 무료 버전,업비트 코인 단타 프로그램 나눔 (비트코인 알트코인분석),https://mingogogo.tistory.com/75,1671,2,N,,N,N
76,2025-09-10T16:53:44+09:00,코인 강의(공부하기),코인 주식 보조지표 강의,https://mingogogo.tistory.com/76,7486,0,N,,N,N
77,2025-09-10T18:31:11+09:00,코인 프로그램 유료버전,코인 분석기 (파밍:서교민)제작,https://mingogogo.tistory.com/77,1615,3,N,,N,N
78,2025-09-13T17:25:04+09:00,코인 프로그램 유료버전,업비트 코인 분석기 완벽 사용 설명서 비트코인 알트코인 분석,https://mingogogo.tistory.com/78,5534,5,Y,direct,N,N
79,2025-09-15T01:23:52+09:00,코인 프로그램 인증,암호화폐(비트코인 알트코인) 분석기 (파동 분석 봇 v11.0): 당신의 24시간 AI 코인 분석가,https://mingogogo.tistory.com/79,3526,4,N,weak,N,N
80,2025-09-16T23:52:39+09:00,코인 프로그램 유료버전,"PAMING 급등코인분석 시스템, 무엇이 특별한가",https://mingogogo.tistory.com/80,2419,6,Y,direct,N,N
81,2025-09-17T00:01:33+09:00,코인 프로그램 유료버전,"업비트 단타 트레이더를 위한 강력한 분석 툴, '파밍 분석기",https://mingogogo.tistory.com/81,3433,2,Y,direct,N,N
83,2025-09-20T16:57:43+09:00,코인 강의(공부하기),코인강의,https://mingogogo.tistory.com/83,5675,0,N,,N,N
84,2025-09-20T17:20:04+09:00,코인 강의(공부하기),RCI 보조지표 강의,https://mingogogo.tistory.com/84,2540,0,N,,N,N
85,2025-09-23T00:35:25+09:00,카테고리 없음,코인분석기 시각화  업비트 빗썸 바이낸스 제작가능,https://mingogogo.tistory.com/85,2388,5,N,,N,N
86,2025-09-24T18:35:50+09:00,카테고리 없음,코인 도박성 테스트?,https://mingogogo.tistory.com/86,332,0,N,,N,N
87,2025-09-24T18:38:53+09:00,코인 강의(공부하기)/파밍놀이터,심리테스트,https://mingogogo.tistory.com/87,321,0,N,,N,N
89,2025-09-24T18:41:59+09:00,코인 강의(공부하기)/파밍놀이터,술자리게임,https://mingogogo.tistory.com/89,1873,0,N,,N,N
90,2025-09-24T18:43:32+09:00,코인 강의(공부하기)/파밍놀이터,전문 심리분석,https://mingogogo.tistory.com/90,283,0,N,,N,N
91,2025-09-24T18:45:58+09:00,코인 강의(공부하기)/파밍놀이터,아이 중학생 어른 심리,https://mingogogo.tistory.com/91,174,0,N,,N,N
92,2025-09-24T18:48:14+09:00,코인 강의(공부하기)/파밍놀이터,내가 바라는 이상형은,https://mingogogo.tistory.com/92,257,0,N,,N,N
94,2025-09-24T20:12:37+09:00,코인 강의(공부하기),유엑스링크 해킹사건정리,https://mingogogo.tistory.com/94,1483,0,N,,N,N
95,2025-09-24T20:48:46+09:00,코인이슈,비트코인 장기 방향성,https://mingogogo.tistory.com/95,1993,0,N,,N,N
96,2025-09-24T20:52:47+09:00,코인 강의(공부하기),RCI스퀴즈란?? 완전정복 !!,https://mingogogo.tistory.com/96,2073,0,N,,N,N
97,2025-09-24T21:00:22+09:00,코인 강의(공부하기),암호화폐(코인)기술적분석 가이드,https://mingogogo.tistory.com/97,1624,0,N,,N,N
98,2025-09-24T21:05:51+09:00,코인 강의(공부하기),캔들패턴에 대해서 알아보자.캔들의 심리,https://mingogogo.tistory.com/98,1247,0,N,,N,N
99,2025-09-24T21:11:30+09:00,코인 강의(공부하기),차트 패턴에 대해서 알아보자.,https://mingogogo.tistory.com/99,601,0,N,,N,N
100,2025-09-24T21:39:35+09:00,눌림코인 저장공간,9월24일 눌림코인 저장공간 (프로그램사용),https://mingogogo.tistory.com/100,405,19,N,,N,N
101,2025-09-25T18:10:00+09:00,코인 강의(공부하기),코인 주식 캔들 기본개념,https://mingogogo.tistory.com/101,4120,0,N,,N,N
102,2025-09-25T18:23:53+09:00,코인 강의(공부하기),캔들기본편,https://mingogogo.tistory.com/102,1325,0,N,,N,N
103,2025-09-27T01:48:36+09:00,코인 프로그램 유료버전,코인분석 시스템,https://mingogogo.tistory.com/103,2856,7,N,,N,N
104,2025-09-27T02:23:03+09:00,코인분석,9월 27일 오전 2시 15분 유엑스 링크 코인분석,https://mingogogo.tistory.com/104,149,4,N,,N,N
105,2025-09-28T20:08:12+09:00,코인 강의(공부하기)/파밍놀이터,방송중 음성 출력시스템 텍스트 음성출,https://mingogogo.tistory.com/105,1971,2,N,,N,N
106,2025-09-29T01:08:06+09:00,눌림코인 저장공간,9월 29일 눌림코인 리스트,https://mingogogo.tistory.com/106,117,4,N,,N,N
107,2025-10-01T18:30:13+09:00,코인 프로그램 무료 버전,통합시장 추세분석기 제작:파밍,https://mingogogo.tistory.com/107,3782,3,N,,N,N
108,2025-10-01T18:49:07+09:00,코인 강의(공부하기),텔레그램 봇 + 알트평균 그래프 매수매도 방법,https://mingogogo.tistory.com/108,3393,2,N,,N,N
109,2025-10-06T09:54:55+09:00,코인 프로그램 유료버전,"""FARMING ANALYZER + WAVE""",https://mingogogo.tistory.com/109,2593,4,Y,direct,N,N
110,2025-10-07T08:08:51+09:00,카테고리 없음,오픈톡방 링크,https://mingogogo.tistory.com/110,182,1,N,,N,N
111,2025-10-07T08:12:14+09:00,카테고리 없음,10월7일 코인 추천리스트,https://mingogogo.tistory.com/111,14,10,N,,N,N
115,2025-10-14T04:22:11+09:00,코인 프로그램 유료버전,코인 파동분석기,https://mingogogo.tistory.com/115,1333,5,N,,N,N
116,2025-10-14T04:24:50+09:00,코인분석,10월14일 전체 코인분석 눌림코인,https://mingogogo.tistory.com/116,0,1,N,,N,N
117,2025-10-16T00:45:03+09:00,카테고리 없음,몸은 마음의 도구다,https://mingogogo.tistory.com/117,1006,0,N,,N,N
118,2025-10-18T04:37:00+09:00,코인 프로그램 유료버전,"폭발 직전 코인만 찾아내는 비장의 무기, '파밍 분석기' 완벽 가이드",https://mingogogo.tistory.com/118,1615,3,N,,N,N
121,2025-10-22T17:07:59+09:00,코인 강의(공부하기),보조지표에 대한 이해 (초보자용),https://mingogogo.tistory.com/121,29853,0,N,,N,N
122,2025-10-22T17:29:29+09:00,코인 강의(공부하기),"크립토에셋(암호화폐,코인)",https://mingogogo.tistory.com/122,12560,0,N,,N,N
123,2025-10-22T17:35:31+09:00,코인 강의(공부하기),코인의 역사 이해하기,https://mingogogo.tistory.com/123,4750,0,N,,N,N
124,2025-10-22T17:47:04+09:00,코인 강의(공부하기),돈복남 코인유튜버 코인서적 정리 요약,https://mingogogo.tistory.com/124,11665,0,N,,N,N
125,2025-10-25T02:55:56+09:00,코인 강의(공부하기),"코인,주식 추세선 이해하기",https://mingogogo.tistory.com/125,8865,0,N,,N,N
126,2025-10-25T03:08:33+09:00,코인 강의(공부하기),코인패턴 강의 (파밍제작),https://mingogogo.tistory.com/126,11685,0,N,,N,N
127,2025-10-30T18:02:23+09:00,코인 강의(공부하기),원화 가치 하락시 투자방법.,https://mingogogo.tistory.com/127,5323,0,N,,N,N
128,2025-10-31T01:50:50+09:00,코인 강의(공부하기)/파밍놀이터,학생(고객) 관리 프로그램  관공서 학원 어린이집 등등,https://mingogogo.tistory.com/128,2725,5,N,,N,N
129,2025-11-01T22:25:42+09:00,코인분석,디커플링 10월27일 4일뒤결과,https://mingogogo.tistory.com/129,35,5,N,,N,N
130,2025-11-01T22:28:15+09:00,카테고리 없음,11월1일 디커플링 분석 바닥권분석,https://mingogogo.tistory.com/130,0,10,N,,N,N
131,2025-11-02T09:52:39+09:00,코인분석,11-2일 코인 디커플링 분석기 바닥권 분석기,https://mingogogo.tistory.com/131,15,4,N,,N,N
132,2025-11-02T10:10:04+09:00,코인분석,11월2일 신규 프로그램 테스트,https://mingogogo.tistory.com/132,0,2,N,,N,N
133,2025-11-02T18:44:09+09:00,코인분석,11-2일 오후 6시42분 디커플링 리스트,https://mingogogo.tistory.com/133,0,4,N,,N,N
134,2025-11-02T23:34:51+09:00,코인분석,"파밍 제작 ( 업비트,빗썸,바이낸스,뉴스 시스템 )",https://mingogogo.tistory.com/134,2292,3,N,,N,N
135,2025-11-03T02:02:44+09:00,코인분석,MVRUZ 스코어,https://mingogogo.tistory.com/135,24,1,N,,N,N
136,2025-11-03T07:27:24+09:00,코인분석,11월3일 디커플링 15분,https://mingogogo.tistory.com/136,22,6,N,,N,N
137,2025-11-04T00:03:05+09:00,코인 프로그램 무료 버전,코인 모의투자 프로그램 레버리지 125배가능  데이터 자동저장,https://mingogogo.tistory.com/137,2602,4,N,,N,N
138,2025-11-04T01:47:50+09:00,코인분석,11-4일 디커플링 코인,https://mingogogo.tistory.com/138,58,4,N,,N,N
139,2025-11-04T07:23:48+09:00,코인분석,디커플링 추천리스트,https://mingogogo.tistory.com/139,22,10,N,,N,N
141,2025-11-06T14:06:17+09:00,눌림코인 저장공간,11월6일 목요일 디커플링 바닥권,https://mingogogo.tistory.com/141,732,10,N,,N,N
142,2025-11-07T00:11:04+09:00,민이 일기,"성공하는 마인드 ""RAS""
(망상 활성계)",https://mingogogo.tistory.com/142,3026,2,N,,N,N
143,2025-11-07T07:25:51+09:00,카테고리 없음,11월7일 디커플링 +바닥권,https://mingogogo.tistory.com/143,5,10,N,,N,N
144,2025-11-07T10:40:03+09:00,눌림코인 저장공간,11월7일 업비트 시장시세,https://mingogogo.tistory.com/144,7,4,N,,N,N
146,2025-11-08T18:46:17+09:00,눌림코인 저장공간,11월8일 업비트 시세 디커플링 오후7시,https://mingogogo.tistory.com/146,191,7,N,,N,N
147,2025-11-08T18:57:13+09:00,눌림코인 저장공간,11월8일15분봉200개 바닥권,https://mingogogo.tistory.com/147,165,6,N,,N,N
148,2025-11-09T18:39:24+09:00,코인분석,텔레그램 검색 기능 활용법,https://mingogogo.tistory.com/148,375,2,N,,N,N
149,2025-11-09T18:54:31+09:00,눌림코인 저장공간,11-09 눌림코인 리스트,https://mingogogo.tistory.com/149,184,7,N,,N,N
150,2025-11-09T19:00:18+09:00,눌림코인 저장공간,업비트 디커플링 분석,https://mingogogo.tistory.com/150,178,2,N,,N,N
151,2025-11-10T07:07:18+09:00,카테고리 없음,11월10일 디커플링1분봉  +바닥권15분,https://mingogogo.tistory.com/151,0,10,N,,N,N
152,2025-11-10T12:41:40+09:00,눌림코인 저장공간,15분봉200개,https://mingogogo.tistory.com/152,12,10,N,,N,N
153,2025-11-10T16:39:12+09:00,눌림코인 저장공간,15분봉 디커플링 11월10일,https://mingogogo.tistory.com/153,0,5,N,,N,N
154,2025-11-11T03:03:15+09:00,코인추천,신형 테스트 (투자 책임은 본인에게),https://mingogogo.tistory.com/154,15,4,N,,N,N
155,2025-11-11T07:19:27+09:00,눌림코인 저장공간,11월11일 15분 눌림,https://mingogogo.tistory.com/155,0,6,N,,N,N
156,2025-11-11T18:50:15+09:00,카테고리 없음,구형 신형 분석기 비교,https://mingogogo.tistory.com/156,20,8,N,,N,N
157,2025-11-11T21:19:58+09:00,눌림코인 저장공간,신형분석기 테스트,https://mingogogo.tistory.com/157,12,5,N,,N,N
158,2025-11-12T13:01:04+09:00,눌림코인 저장공간,업비트 디커플링 60분봉200개 분석,https://mingogogo.tistory.com/158,46,5,N,,N,N
159,2025-11-13T05:48:26+09:00,코인 프로그램 유료버전,과거 차트 비교 시스템,https://mingogogo.tistory.com/159,2648,5,N,,N,N
160,2025-11-13T06:16:01+09:00,인증 저장공간,11월 12일 추천리스트 그리고 결과,https://mingogogo.tistory.com/160,1037,5,N,,N,N
161,2025-11-13T06:27:39+09:00,인증 저장공간,코인 추천 했었던 내용 그리고 현제 결과,https://mingogogo.tistory.com/161,1153,8,N,,N,N
162,2025-11-13T08:03:05+09:00,눌림코인 저장공간,11_13일 신형 디커플링 분석기,https://mingogogo.tistory.com/162,534,3,N,,N,N
163,2025-11-14T11:12:43+09:00,카테고리 없음,네오 무브먼트 롱숏 테스트,https://mingogogo.tistory.com/163,22,8,N,,N,N
164,2025-11-15T03:14:48+09:00,코인 강의(공부하기),암호화폐 상승 하락 시그널 완벽 가이드 금리 상승 하락에 따른 변동,https://mingogogo.tistory.com/164,10561,0,N,,N,N
165,2025-11-15T03:19:14+09:00,카테고리 없음,암호화폐(코인)투자 가이드 금리란?,https://mingogogo.tistory.com/165,9038,0,N,,N,N
166,2025-11-15T12:53:44+09:00,눌림코인 저장공간,코인 디커플링리스트,https://mingogogo.tistory.com/166,15,10,N,,N,N
167,2025-11-16T08:54:00+09:00,눌림코인 저장공간,바닥권 리스트15분봉,https://mingogogo.tistory.com/167,0,10,N,,N,N
168,2025-11-16T10:09:21+09:00,코인분석,조라 엘프 급등전 30분 스퀴즈,https://mingogogo.tistory.com/168,11,3,N,,N,N
169,2025-11-16T15:27:59+09:00,카테고리 없음,MINJINE 코인 자동화 사업 로드맵,https://mingogogo.tistory.com/169,5505,0,N,,N,N
170,2025-11-16T20:37:36+09:00,눌림코인 저장공간,눌림코인 +디커플링,https://mingogogo.tistory.com/170,0,10,N,,N,N
171,2025-11-16T20:42:12+09:00,눌림코인 저장공간,월랫. +에이더블유이 급등전 스퀴즈,https://mingogogo.tistory.com/171,7,5,N,,N,N
172,2025-11-19T09:12:20+09:00,눌림코인 저장공간,11월19일 바닥권 디커플링 코인,https://mingogogo.tistory.com/172,0,10,N,,N,N
173,2025-11-19T23:04:53+09:00,매출 폭발 마케팅 실전기,MINJINE 마케팅 전략,https://mingogogo.tistory.com/173,21877,0,N,,N,N
179,2025-11-22T20:25:37+09:00,카테고리 없음,제안서,https://mingogogo.tistory.com/179,1969,0,N,,N,N
180,2025-11-22T20:27:46+09:00,카테고리 없음,제안서,https://mingogogo.tistory.com/180,3451,0,N,,N,N
181,2025-11-23T12:23:49+09:00,코인 프로그램 인증,11월23일 브리핑,https://mingogogo.tistory.com/181,2326,8,N,,N,N
182,2025-11-23T22:39:06+09:00,코인 프로그램 인증,파밍 코인분석기 후기 [데이터 분석] 급등 신호 포착!,https://mingogogo.tistory.com/182,1829,11,N,weak,N,N
184,2025-11-24T07:31:31+09:00,눌림코인 저장공간,11월 24일급등예상코인 리스트,https://mingogogo.tistory.com/184,0,10,N,,N,N
185,2025-11-25T02:16:33+09:00,코인분석,11월24일,https://mingogogo.tistory.com/185,0,2,N,,N,N
188,2025-11-25T09:57:09+09:00,코인추천,신형 알고리즘 분석기,https://mingogogo.tistory.com/188,0,2,N,,N,N
189,2025-11-25T12:52:29+09:00,눌림코인 저장공간,25일 급등예상코인 리스트,https://mingogogo.tistory.com/189,0,10,N,,N,N
190,2025-11-25T14:59:12+09:00,코인추천,단타용,https://mingogogo.tistory.com/190,0,9,N,,N,N
192,2025-11-25T19:19:48+09:00,눌림코인 저장공간,11월 25일 신형 디커플링 분석기,https://mingogogo.tistory.com/192,0,3,N,,N,N
193,2025-11-25T19:29:32+09:00,눌림코인 저장공간,11월 25일 오후 7시30분극과매도분석,https://mingogogo.tistory.com/193,0,2,N,,N,N
194,2025-11-25T19:39:04+09:00,코인 프로그램 유료버전,데이터로 바닥 잡는 '퀀텀 알파' 분석기,https://mingogogo.tistory.com/194,1630,4,N,,N,N
195,2025-11-25T19:46:08+09:00,코인 강의(공부하기),바이낸스 인터페이스,https://mingogogo.tistory.com/195,1297,0,N,,N,N
198,2025-11-25T20:10:35+09:00,코인 강의(공부하기),바이낸스 인터페이스,https://mingogogo.tistory.com/198,2519,0,N,,N,N
199,2025-11-25T21:50:00+09:00,눌림코인 저장공간,신형,https://mingogogo.tistory.com/199,0,2,N,,N,N
200,2025-11-26T00:28:44+09:00,눌림코인 저장공간,11월26일 오전 12시27분 디커플링 분석기 최신판,https://mingogogo.tistory.com/200,0,2,N,,N,N
201,2025-11-26T09:58:34+09:00,눌림코인 저장공간,11월 26일 신형 디커플링 리스트,https://mingogogo.tistory.com/201,0,10,N,,N,N
202,2025-11-26T09:59:59+09:00,눌림코인 저장공간,11월26일 바닥권 프로그램 리스트,https://mingogogo.tistory.com/202,0,10,N,,N,N
203,2025-11-26T14:04:52+09:00,눌림코인 저장공간,11월 26일 오후2시 시장현황,https://mingogogo.tistory.com/203,0,2,N,,N,N
205,2025-11-26T17:13:28+09:00,눌림코인 저장공간,분석 저장 공간 24시간 가량 분석 ( 11월 26일 오후 5시 13분 작성),https://mingogogo.tistory.com/205,0,2,N,,N,N
206,2025-11-26T23:43:55+09:00,코인 강의(공부하기),"마진거래 vs 선물거래 가이드 바이낸스,비트겟,바이비트,MEXC,OKX",https://mingogogo.tistory.com/206,6036,0,N,,N,N
207,2025-11-26T23:49:28+09:00,코인 강의(공부하기),선물거래 양방향 배팅 노하우,https://mingogogo.tistory.com/207,12653,0,N,,N,N
208,2025-11-27T00:10:06+09:00,코인 강의(공부하기),마진거래 시뮬레이터,https://mingogogo.tistory.com/208,1922,0,N,,N,N
209,2025-11-27T07:33:09+09:00,카테고리 없음,신형알고리즘11월27일,https://mingogogo.tistory.com/209,0,4,N,,N,N
210,2025-11-27T10:00:03+09:00,카테고리 없음,디커플링신형 11월27일 오전10시,https://mingogogo.tistory.com/210,0,10,N,,N,N
211,2025-11-27T23:03:19+09:00,눌림코인 저장공간,디커플링 신형 분석기 11-27일 오후 11,https://mingogogo.tistory.com/211,126,4,N,,N,N
213,2025-11-27T23:18:13+09:00,인증 저장공간,추천 또는 인증 글,https://mingogogo.tistory.com/213,996,4,N,,N,N
214,2025-11-27T23:31:21+09:00,수익율 인증공간 날자별 최대 3일후까지,2025 추천 리스트,https://mingogogo.tistory.com/214,318,1,N,,Y,Y
215,2025-11-27T23:41:35+09:00,수익율 인증공간 날자별 최대 3일후까지,11월 19일 추천 코인 수익율 인증,https://mingogogo.tistory.com/215,1087,1,N,,N,N
216,2025-11-27T23:53:30+09:00,수익율 인증공간 날자별 최대 3일후까지,11월 13일 오전 7시 58분 추천리스트 수익율 체크,https://mingogogo.tistory.com/216,1138,1,N,weak,Y,Y
217,2025-11-28T00:00:01+09:00,코인 프로그램 인증,11월 11일 추천 코인 리스트 수익율 체크 (과거초기 분석 프로그램),https://mingogogo.tistory.com/217,1136,1,N,weak,Y,Y
218,2025-11-28T00:29:45+09:00,수익율 인증공간 날자별 최대 3일후까지,11월25일 오후 6시 신형디커플링 추천리스트 3일 수익율 추적,https://mingogogo.tistory.com/218,319,1,N,,Y,Y
219,2025-11-28T07:34:00+09:00,눌림코인 저장공간,11월28일 급등예상코인 오전7시,https://mingogogo.tistory.com/219,29,9,N,,N,N
220,2025-11-28T12:23:37+09:00,눌림코인 저장공간,11월28일 금 오전12시18분 바닥권,https://mingogogo.tistory.com/220,0,10,N,,N,N
221,2025-11-28T21:15:32+09:00,수익율 인증공간 날자별 최대 3일후까지,7월15일 추천 리스트 3일간 인증,https://mingogogo.tistory.com/221,298,1,N,,Y,Y
222,2025-11-28T21:35:59+09:00,수익율 인증공간 날자별 최대 3일후까지,7월10일 추천 리스트 3일간 인증,https://mingogogo.tistory.com/222,322,1,N,,Y,Y
223,2025-11-28T21:45:29+09:00,수익율 인증공간 날자별 최대 3일후까지,7월11일 추천 리스트 3일간 인증,https://mingogogo.tistory.com/223,313,1,N,,Y,Y
224,2025-11-28T21:55:57+09:00,수익율 인증공간 날자별 최대 3일후까지,7월13일 추천 리스트 3일간 인증,https://mingogogo.tistory.com/224,310,1,N,,Y,Y
225,2025-11-29T08:08:29+09:00,눌림코인 저장공간,11월 29일 바닥권 신형 프로그램,https://mingogogo.tistory.com/225,0,9,N,,N,N
226,2025-11-29T15:57:14+09:00,수익율 인증공간 날자별 최대 3일후까지,7월14일 추천 리스트 3일간 인증,https://mingogogo.tistory.com/226,319,1,N,,Y,Y
227,2025-11-29T16:04:16+09:00,눌림코인 저장공간,4시간봉 200캔들,https://mingogogo.tistory.com/227,17,10,N,,N,N
228,2025-11-29T16:12:23+09:00,수익율 인증공간 날자별 최대 3일후까지,7월17일 추천 리스트 3일간 인증,https://mingogogo.tistory.com/228,315,1,N,,Y,Y
229,2025-11-29T16:18:49+09:00,수익율 인증공간 날자별 최대 3일후까지,7월18일 추천 리스트 3일간 인증,https://mingogogo.tistory.com/229,310,1,N,,Y,Y
230,2025-11-29T16:25:00+09:00,수익율 인증공간 날자별 최대 3일후까지,7월19일 추천 리스트 3일간 인증,https://mingogogo.tistory.com/230,316,1,N,,Y,Y
231,2025-11-29T16:34:23+09:00,수익율 인증공간 날자별 최대 3일후까지,7월21일 추천 리스트 3일간 인증,https://mingogogo.tistory.com/231,321,1,N,,Y,Y
232,2025-11-29T21:51:55+09:00,눌림코인 저장공간,신형디커플링 240분 11월29일,https://mingogogo.tistory.com/232,0,10,N,,N,N
233,2025-11-29T21:59:13+09:00,눌림코인 저장공간,ㅣ기관급 분석기 11월29일 토요일오후10시,https://mingogogo.tistory.com/233,0,3,N,,N,N
234,2025-11-30T13:35:06+09:00,눌림코인 저장공간,과매도 리스트11월30 일 오후1시30분,https://mingogogo.tistory.com/234,0,10,N,,N,N
235,2025-11-30T13:42:51+09:00,눌림코인 저장공간,11월30 일 디커플링 오후1시30분,https://mingogogo.tistory.com/235,0,10,N,,N,N
236,2025-11-30T18:31:50+09:00,코인 강의(공부하기),바이낸스 간접 체험 선물 마진거래,https://mingogogo.tistory.com/236,2696,0,N,,N,N
237,2025-11-30T22:42:12+09:00,수익율 인증공간 날자별 최대 3일후까지,7월22일 추천 리스트 3일간 인증,https://mingogogo.tistory.com/237,332,1,N,,Y,Y
238,2025-11-30T22:52:44+09:00,수익율 인증공간 날자별 최대 3일후까지,7월23일 추천 리스트 3일간 인증,https://mingogogo.tistory.com/238,315,1,N,,Y,Y
239,2025-11-30T22:54:47+09:00,수익율 인증공간 날자별 최대 3일후까지,7월24일 추천 리스트 3일간 인증,https://mingogogo.tistory.com/239,319,1,N,,Y,Y
240,2025-11-30T23:00:15+09:00,수익율 인증공간 날자별 최대 3일후까지,7월 26일 추천 리스트 3일간 인증,https://mingogogo.tistory.com/240,305,1,N,,Y,Y
241,2025-12-01T03:52:19+09:00,코인 프로그램 유료버전,코인분석 프로그램,https://mingogogo.tistory.com/241,2284,7,N,weak,N,N
243,2025-12-01T20:12:55+09:00,코인 강의(공부하기),마진거래 강의 2강,https://mingogogo.tistory.com/243,14340,0,N,,N,N
244,2025-12-02T12:50:13+09:00,눌림코인 저장공간,12월2일 디커플링,https://mingogogo.tistory.com/244,0,10,N,,N,N
245,2025-12-02T12:57:16+09:00,눌림코인 저장공간,급등전후 스퀴즈비교 오르카,https://mingogogo.tistory.com/245,11,5,N,,N,N
248,2025-12-03T00:39:40+09:00,코인 강의(공부하기),BTC마켓  원화마켓 상장 유망코인,https://mingogogo.tistory.com/248,1847,0,N,,N,N
249,2025-12-03T07:16:11+09:00,눌림코인 저장공간,12월3일 신형 디커플링 5분,https://mingogogo.tistory.com/249,0,10,N,,N,N
250,2025-12-05T11:03:05+09:00,눌림코인 저장공간,12월5일 신형 디커플링 오후11시,https://mingogogo.tistory.com/250,199,10,N,,N,N
254,2025-12-07T09:59:46+09:00,인증 저장공간,추천리스트 이틀뒤 12/5일,https://mingogogo.tistory.com/254,205,4,N,,N,N
255,2025-12-07T13:18:01+09:00,인증 저장공간,12월2일 12월5일 추천리스트 결과,https://mingogogo.tistory.com/255,0,5,N,,N,N
257,2025-12-08T10:44:19+09:00,눌림코인 저장공간,12월8일 추천리스트,https://mingogogo.tistory.com/257,0,1,N,,N,N
258,2025-12-09T23:34:56+09:00,코인 프로그램 유료버전,2년치 차트 역사를 실시간으로 해부하는 초정밀 분석 엔진,https://mingogogo.tistory.com/258,2805,3,N,weak,N,N
259,2025-12-10T11:59:01+09:00,눌림코인 저장공간,12월10일,https://mingogogo.tistory.com/259,11,6,N,,N,N
261,2025-12-11T09:05:00+09:00,코인 프로그램 유료버전,뇌과학으로 설계된 퀀트 알파 분석기 (코인분석 프로그램),https://mingogogo.tistory.com/261,2641,3,N,,N,N
262,2025-12-11T12:07:04+09:00,코인 프로그램 유료버전,코인분석기 3종,https://mingogogo.tistory.com/262,14686,28,Y,direct,N,N
263,2025-12-11T12:08:30+09:00,코인 프로그램 유료버전,코인분석기 3종 프로그램 사용가이드,https://mingogogo.tistory.com/263,4684,0,Y,direct,N,N
264,2025-12-11T23:10:04+09:00,코인 프로그램 인증,단타 분석기 백테스트 결과 약 15분경과,https://mingogogo.tistory.com/264,273,1,N,,N,N
265,2025-12-11T23:23:28+09:00,수익율 인증공간 날자별 최대 3일후까지,12-11일 테스트 실시간,https://mingogogo.tistory.com/265,485,5,N,,N,N
266,2025-12-13T19:55:20+09:00,코인 강의(공부하기),코인 청산빔이란?,https://mingogogo.tistory.com/266,6613,0,N,,N,N
268,2025-12-16T12:23:30+09:00,눌림코인 저장공간,12월16일1리스트,https://mingogogo.tistory.com/268,209,5,N,,N,N
269,2025-12-18T11:26:56+09:00,눌림코인 저장공간,밈코인 또눌린다.. 12-18,https://mingogogo.tistory.com/269,1447,4,N,,N,N
270,2025-12-19T12:05:03+09:00,코인 강의(공부하기)/파밍놀이터,핑계 어플,https://mingogogo.tistory.com/270,39,5,N,,N,N
271,2025-12-19T22:04:27+09:00,코인 프로그램 무료 버전,ㅣ비트코인·알트코인 실시간 추세 분석기,https://mingogogo.tistory.com/271,1213,2,N,,N,N
273,2025-12-20T20:28:44+09:00,인증 저장공간,12월19일 추천리스트 결과,https://mingogogo.tistory.com/273,0,3,N,,N,N
276,2026-01-02T15:19:04+09:00,인증 저장공간,AI추천리스트,https://mingogogo.tistory.com/276,12,3,N,,N,N
277,2026-01-03T12:01:48+09:00,코인 프로그램 유료버전,"정밀한 타점 분석 솔루션, MINJINE Ultimate v34.1 이용 안내",https://mingogogo.tistory.com/277,1801,4,N,,N,N
278,2026-01-03T15:19:41+09:00,카테고리 없음,인증,https://mingogogo.tistory.com/278,13,2,N,,N,N
279,2026-01-06T17:44:41+09:00,카테고리 없음,그로스톨코인,https://mingogogo.tistory.com/279,6,4,N,,N,N
280,2026-01-08T15:09:03+09:00,코인추천,중복횟수 정리,https://mingogogo.tistory.com/280,7,2,N,,N,N
281,2026-01-11T23:31:49+09:00,코인 프로그램 인증,바운스토큰,https://mingogogo.tistory.com/281,21,1,N,,N,N
282,2026-01-13T17:48:16+09:00,인증 저장공간,텔레그랭 AI추천,https://mingogogo.tistory.com/282,13,5,N,,N,N
283,2026-01-21T14:09:15+09:00,코인 프로그램 인증,분석프로그램 AI추천 인증,https://mingogogo.tistory.com/283,13,7,N,,N,N
284,2026-01-21T22:12:37+09:00,코인 프로그램 유료버전,코인 투자의 미래를 만나다: MINJINE Premium v8.4 3D 통합 분석 툴 리뷰,https://mingogogo.tistory.com/284,1909,4,N,,N,N
285,2026-01-22T12:41:46+09:00,코인 프로그램 인증,1월21일 추천리스트 (아야),https://mingogogo.tistory.com/285,210,2,N,,N,N
286,2026-01-25T16:39:32+09:00,인증 저장공간,1월25일 추천리스트,https://mingogogo.tistory.com/286,193,4,N,,N,N
287,2026-01-26T10:08:39+09:00,인증 저장공간,1월26일 추천리스트결과 타이코 50프로 급등,https://mingogogo.tistory.com/287,193,10,N,,N,N
288,2026-02-01T09:47:50+09:00,코인 프로그램 유료버전,코인추천 시스템+분석 프로그램2종,https://mingogogo.tistory.com/288,2246,15,Y,direct,N,N
289,2026-02-04T09:16:44+09:00,코인 프로그램 인증,포켓 앵커 왁스 같은세력??,https://mingogogo.tistory.com/289,0,2,N,,N,N
290,2026-02-06T14:10:55+09:00,코인분석,바닥권 코인 공통점 2월6일 오후2시,https://mingogogo.tistory.com/290,0,4,N,,N,N
291,2026-02-06T14:15:18+09:00,코인분석,디커플링2월6일 공통점,https://mingogogo.tistory.com/291,0,5,N,,N,N
292,2026-02-06T23:46:18+09:00,코인 강의(공부하기),투자 강의 바이블,https://mingogogo.tistory.com/292,11832,1,N,,N,N
293,2026-02-09T20:45:44+09:00,코인 프로그램 인증,텔레그램 급락 경고 시스템 분석 결과,https://mingogogo.tistory.com/293,1530,3,Y,semi,N,N
294,2026-02-14T13:46:10+09:00,코인 프로그램 인증,급등예상코인 결과,https://mingogogo.tistory.com/294,0,4,N,,N,N
295,2026-02-15T02:13:57+09:00,눌림코인 저장공간,밈코인 매집시그널,https://mingogogo.tistory.com/295,7,6,N,,N,N
296,2026-02-20T15:16:27+09:00,코인 프로그램 인증,신규 프로그램 알고리즘 인증,https://mingogogo.tistory.com/296,8,5,N,,N,N
297,2026-02-26T12:14:18+09:00,부자 되는 방법,2026-2월26일,https://mingogogo.tistory.com/297,1090,0,N,,N,N
298,2026-03-02T05:01:10+09:00,부자 되는 방법,방에 계신 분들께..,https://mingogogo.tistory.com/298,2266,0,N,,N,N
299,2026-03-25T10:06:44+09:00,카테고리 없음,프로그램 추천결과,https://mingogogo.tistory.com/299,55,4,N,,N,N
300,2026-03-31T19:34:15+09:00,코인 프로그램 인증,급등예상코인  주천리스트&결과,https://mingogogo.tistory.com/300,19,10,N,,N,N
301,2026-04-01T23:59:07+09:00,코인 프로그램 인증,4월1일 추천 리스트 인증,https://mingogogo.tistory.com/301,74,5,N,,N,N
302,2026-04-02T10:06:19+09:00,코인 프로그램 인증,4월2일 알고리즘,https://mingogogo.tistory.com/302,13,7,N,,N,N
304,2026-04-07T17:45:39+09:00,알고리즘 저장공간,4월7일 코인 시그널정리,https://mingogogo.tistory.com/304,17,10,N,,N,N
305,2026-04-08T10:11:50+09:00,알고리즘 저장공간,4월8일 시그널정리,https://mingogogo.tistory.com/305,17,5,N,,N,N
306,2026-04-09T16:20:32+09:00,알고리즘 저장공간,4월9일추천 리스트,https://mingogogo.tistory.com/306,0,2,N,,N,N
307,2026-04-12T09:27:49+09:00,인증 저장공간,4월12일 잘맞음,https://mingogogo.tistory.com/307,0,11,N,,N,N
308,2026-04-13T10:09:31+09:00,인증 저장공간,4월13일 추천. 코인리스트,https://mingogogo.tistory.com/308,1522,10,Y,direct,N,N
309,2026-04-15T10:07:19+09:00,인증 저장공간,급등예상코인 적중결과,https://mingogogo.tistory.com/309,5,2,N,,N,N
